2026-08-20 13:21:47,431 [INFO] Start training
2026-08-20 13:21:47,683 [INFO] number of trainable parameters: 46548108
Not using distributed mode
['msqr_baseline', 'msqr_shcmi_taf']
Position interpolate from 7x7 to 16x16
Freezing <class 'clip.model.Transformer'> ...
Freezing <class 'torch.nn.modules.sparse.Embedding'> ...
Freezing <class 'clip.model.LayerNorm'> ...
Freezing <class 'torch.nn.parameter.Parameter'> ...
Freezing <class 'torch.nn.parameter.Parameter'> ...
2026-08-20 13:21:48,047 [INFO] Start training epoch 0, 49 iters per inner epoch.
2026-08-20 13:22:12,968 [INFO] Averaged stats: lr: 0.000003  loss: 4.053677
2026-08-20 13:22:13,074 [INFO] Evaluating on val.
Train: data epoch: [0]  [ 0/49]  eta: 0:04:26  lr: 0.000000  loss: 7.1077  time: 5.4442  data: 0.0001  max mem: 13900
Train: data epoch: [0]  [20/49]  eta: 0:00:18  lr: 0.000003  loss: 5.9218  time: 0.4094  data: 0.0000  max mem: 14155
Train: data epoch: [0]  [40/49]  eta: 0:00:04  lr: 0.000005  loss: 1.0332  time: 0.4027  data: 0.0000  max mem: 14155
Train: data epoch: [0]  [48/49]  eta: 0:00:00  lr: 0.000006  loss: 1.1050  time: 0.4031  data: 0.0000  max mem: 14155
Train: data epoch: [0] Total time: 0:00:24 (0.5086 s / it)
2026-08-20 13:22:17,528 [INFO] Qual: EPOCH[0] -> PLCC: 0.586929, SROCC: 0.506284, KROCC: 0.349118, LOSS: 1.107551
2026-08-20 13:22:17,528 [INFO] Align: EPOCH[0] -> PLCC: 0.489265, SROCC: 0.376429, KROCC: 0.252298, LOSS: 1.100738
2026-08-20 13:22:17,542 [INFO] Saving checkpoint at epoch 0 to run/20260820132_B4_full/checkpoint_best.pth.
2026-08-20 13:22:18,116 [INFO] Start training
2026-08-20 13:22:18,437 [INFO] Start training epoch 1, 49 iters per inner epoch.
2026-08-20 13:22:39,364 [INFO] Averaged stats: lr: 0.000010  loss: 0.589323
2026-08-20 13:22:39,469 [INFO] Evaluating on val.
Train: data epoch: [1]  [ 0/49]  eta: 0:01:19  lr: 0.000010  loss: 1.3547  time: 1.6240  data: 0.0001  max mem: 14155
Train: data epoch: [1]  [20/49]  eta: 0:00:13  lr: 0.000010  loss: 0.4855  time: 0.4032  data: 0.0000  max mem: 14155
Train: data epoch: [1]  [40/49]  eta: 0:00:03  lr: 0.000010  loss: 0.3925  time: 0.4010  data: 0.0000  max mem: 14155
Train: data epoch: [1]  [48/49]  eta: 0:00:00  lr: 0.000010  loss: 0.5087  time: 0.4016  data: 0.0000  max mem: 14155
Train: data epoch: [1] Total time: 0:00:20 (0.4271 s / it)
2026-08-20 13:22:43,914 [INFO] Qual: EPOCH[1] -> PLCC: 0.839863, SROCC: 0.715438, KROCC: 0.531206, LOSS: 0.288774
2026-08-20 13:22:43,914 [INFO] Align: EPOCH[1] -> PLCC: 0.793392, SROCC: 0.600368, KROCC: 0.431612, LOSS: 0.365306
2026-08-20 13:22:43,929 [INFO] Saving checkpoint at epoch 1 to run/20260820132_B4_full/checkpoint_best.pth.
2026-08-20 13:22:44,867 [INFO] Start training
2026-08-20 13:22:45,256 [INFO] Start training epoch 2, 49 iters per inner epoch.
2026-08-20 13:23:05,913 [INFO] Averaged stats: lr: 0.000010  loss: 0.328086
2026-08-20 13:23:06,020 [INFO] Evaluating on val.
Train: data epoch: [2]  [ 0/49]  eta: 0:01:04  lr: 0.000010  loss: 0.2906  time: 1.3097  data: 0.0001  max mem: 14155
Train: data epoch: [2]  [20/49]  eta: 0:00:12  lr: 0.000010  loss: 0.3370  time: 0.4037  data: 0.0000  max mem: 14155
Train: data epoch: [2]  [40/49]  eta: 0:00:03  lr: 0.000010  loss: 0.3686  time: 0.4025  data: 0.0000  max mem: 14155
Train: data epoch: [2]  [48/49]  eta: 0:00:00  lr: 0.000010  loss: 0.3363  time: 0.4024  data: 0.0000  max mem: 14155
Train: data epoch: [2] Total time: 0:00:20 (0.4216 s / it)
2026-08-20 13:23:10,215 [INFO] Qual: EPOCH[2] -> PLCC: 0.874972, SROCC: 0.785637, KROCC: 0.592896, LOSS: 0.248393
2026-08-20 13:23:10,215 [INFO] Align: EPOCH[2] -> PLCC: 0.800571, SROCC: 0.631067, KROCC: 0.452705, LOSS: 0.367244
2026-08-20 13:23:10,227 [INFO] Saving checkpoint at epoch 2 to run/20260820132_B4_full/checkpoint_best.pth.
2026-08-20 13:23:10,979 [INFO] Start training
2026-08-20 13:23:11,327 [INFO] Start training epoch 3, 49 iters per inner epoch.
2026-08-20 13:23:32,559 [INFO] Averaged stats: lr: 0.000010  loss: 0.289526
2026-08-20 13:23:32,693 [INFO] Evaluating on val.
Train: data epoch: [3]  [ 0/49]  eta: 0:01:29  lr: 0.000010  loss: 0.2620  time: 1.8232  data: 0.0001  max mem: 14155
Train: data epoch: [3]  [20/49]  eta: 0:00:13  lr: 0.000010  loss: 0.3531  time: 0.4054  data: 0.0000  max mem: 14155
Train: data epoch: [3]  [40/49]  eta: 0:00:03  lr: 0.000010  loss: 0.2097  time: 0.4038  data: 0.0000  max mem: 14155
Train: data epoch: [3]  [48/49]  eta: 0:00:00  lr: 0.000010  loss: 0.2785  time: 0.4040  data: 0.0000  max mem: 14155
Train: data epoch: [3] Total time: 0:00:21 (0.4333 s / it)
2026-08-20 13:23:37,059 [INFO] Qual: EPOCH[3] -> PLCC: 0.886627, SROCC: 0.815589, KROCC: 0.624761, LOSS: 0.211775
2026-08-20 13:23:37,059 [INFO] Align: EPOCH[3] -> PLCC: 0.813565, SROCC: 0.656609, KROCC: 0.476084, LOSS: 0.324733
2026-08-20 13:23:37,073 [INFO] Saving checkpoint at epoch 3 to run/20260820132_B4_full/checkpoint_best.pth.
2026-08-20 13:23:37,965 [INFO] Start training
2026-08-20 13:23:38,330 [INFO] Start training epoch 4, 49 iters per inner epoch.
2026-08-20 13:23:59,728 [INFO] Averaged stats: lr: 0.000010  loss: 0.242345
2026-08-20 13:23:59,824 [INFO] Evaluating on val.
Train: data epoch: [4]  [ 0/49]  eta: 0:01:36  lr: 0.000010  loss: 0.1947  time: 1.9713  data: 0.0001  max mem: 14155
Train: data epoch: [4]  [20/49]  eta: 0:00:13  lr: 0.000010  loss: 0.2032  time: 0.4070  data: 0.0000  max mem: 14155
Train: data epoch: [4]  [40/49]  eta: 0:00:03  lr: 0.000010  loss: 0.2604  time: 0.4030  data: 0.0000  max mem: 14155
Train: data epoch: [4]  [48/49]  eta: 0:00:00  lr: 0.000010  loss: 0.2554  time: 0.4029  data: 0.0000  max mem: 14155
Train: data epoch: [4] Total time: 0:00:21 (0.4367 s / it)
2026-08-20 13:24:04,368 [INFO] Qual: EPOCH[4] -> PLCC: 0.897041, SROCC: 0.827367, KROCC: 0.639713, LOSS: 0.200232
2026-08-20 13:24:04,368 [INFO] Align: EPOCH[4] -> PLCC: 0.828928, SROCC: 0.669714, KROCC: 0.492403, LOSS: 0.301323
2026-08-20 13:24:04,380 [INFO] Saving checkpoint at epoch 4 to run/20260820132_B4_full/checkpoint_best.pth.
2026-08-20 13:24:05,169 [INFO] Start training
2026-08-20 13:24:05,529 [INFO] Start training epoch 5, 49 iters per inner epoch.
2026-08-20 13:24:26,621 [INFO] Averaged stats: lr: 0.000010  loss: 0.217066
2026-08-20 13:24:26,715 [INFO] Evaluating on val.
Train: data epoch: [5]  [ 0/49]  eta: 0:01:21  lr: 0.000010  loss: 0.1973  time: 1.6645  data: 0.0001  max mem: 14155
Train: data epoch: [5]  [20/49]  eta: 0:00:13  lr: 0.000010  loss: 0.1918  time: 0.4066  data: 0.0000  max mem: 14155
Train: data epoch: [5]  [40/49]  eta: 0:00:03  lr: 0.000010  loss: 0.1497  time: 0.4033  data: 0.0000  max mem: 14155
Train: data epoch: [5]  [48/49]  eta: 0:00:00  lr: 0.000010  loss: 0.3845  time: 0.4037  data: 0.0000  max mem: 14155
Train: data epoch: [5] Total time: 0:00:21 (0.4305 s / it)
2026-08-20 13:24:30,994 [INFO] Qual: EPOCH[5] -> PLCC: 0.893711, SROCC: 0.831806, KROCC: 0.646673, LOSS: 0.199277
2026-08-20 13:24:30,994 [INFO] Align: EPOCH[5] -> PLCC: 0.825186, SROCC: 0.668674, KROCC: 0.490307, LOSS: 0.368134
2026-08-20 13:24:31,006 [INFO] Saving checkpoint at epoch 5 to run/20260820132_B4_full/checkpoint_best.pth.
2026-08-20 13:24:31,825 [INFO] Start training
2026-08-20 13:24:32,187 [INFO] Start training epoch 6, 49 iters per inner epoch.
2026-08-20 13:24:53,227 [INFO] Averaged stats: lr: 0.000010  loss: 0.194582
2026-08-20 13:24:53,356 [INFO] Evaluating on val.
Train: data epoch: [6]  [ 0/49]  eta: 0:01:20  lr: 0.000010  loss: 0.1954  time: 1.6484  data: 0.0002  max mem: 14155
Train: data epoch: [6]  [20/49]  eta: 0:00:13  lr: 0.000010  loss: 0.2541  time: 0.4043  data: 0.0000  max mem: 14155
Train: data epoch: [6]  [40/49]  eta: 0:00:03  lr: 0.000010  loss: 0.1435  time: 0.4035  data: 0.0000  max mem: 14155
Train: data epoch: [6]  [48/49]  eta: 0:00:00  lr: 0.000010  loss: 0.2579  time: 0.4038  data: 0.0000  max mem: 14155
Train: data epoch: [6] Total time: 0:00:21 (0.4294 s / it)
2026-08-20 13:24:57,874 [INFO] Qual: EPOCH[6] -> PLCC: 0.886395, SROCC: 0.812181, KROCC: 0.626980, LOSS: 0.445563
2026-08-20 13:24:57,875 [INFO] Align: EPOCH[6] -> PLCC: 0.828919, SROCC: 0.670827, KROCC: 0.492571, LOSS: 0.462683
2026-08-20 13:24:57,876 [INFO] Start training
2026-08-20 13:24:58,204 [INFO] Start training epoch 7, 49 iters per inner epoch.
2026-08-20 13:25:19,136 [INFO] Averaged stats: lr: 0.000010  loss: 0.196845
2026-08-20 13:25:19,256 [INFO] Evaluating on val.
Train: data epoch: [7]  [ 0/49]  eta: 0:01:10  lr: 0.000010  loss: 0.2195  time: 1.4447  data: 0.0001  max mem: 14155
Train: data epoch: [7]  [20/49]  eta: 0:00:13  lr: 0.000010  loss: 0.1603  time: 0.4091  data: 0.0000  max mem: 14155
Train: data epoch: [7]  [40/49]  eta: 0:00:03  lr: 0.000010  loss: 0.1629  time: 0.4036  data: 0.0000  max mem: 14155
Train: data epoch: [7]  [48/49]  eta: 0:00:00  lr: 0.000010  loss: 0.1111  time: 0.4036  data: 0.0000  max mem: 14155
Train: data epoch: [7] Total time: 0:00:20 (0.4272 s / it)
2026-08-20 13:25:23,722 [INFO] Qual: EPOCH[7] -> PLCC: 0.896162, SROCC: 0.822842, KROCC: 0.638278, LOSS: 0.222742
2026-08-20 13:25:23,722 [INFO] Align: EPOCH[7] -> PLCC: 0.832234, SROCC: 0.675389, KROCC: 0.495899, LOSS: 0.336000
2026-08-20 13:25:23,723 [INFO] Start training
2026-08-20 13:25:24,070 [INFO] Start training epoch 8, 49 iters per inner epoch.
2026-08-20 13:25:44,971 [INFO] Averaged stats: lr: 0.000010  loss: 0.157812
2026-08-20 13:25:45,100 [INFO] Evaluating on val.
Train: data epoch: [8]  [ 0/49]  eta: 0:01:13  lr: 0.000010  loss: 0.1549  time: 1.5034  data: 0.0001  max mem: 14155
Train: data epoch: [8]  [20/49]  eta: 0:00:13  lr: 0.000010  loss: 0.2053  time: 0.4043  data: 0.0000  max mem: 14155
Train: data epoch: [8]  [40/49]  eta: 0:00:03  lr: 0.000010  loss: 0.1240  time: 0.4037  data: 0.0000  max mem: 14155
Train: data epoch: [8]  [48/49]  eta: 0:00:00  lr: 0.000010  loss: 0.1738  time: 0.4041  data: 0.0000  max mem: 14155
Train: data epoch: [8] Total time: 0:00:20 (0.4265 s / it)
2026-08-20 13:25:49,421 [INFO] Qual: EPOCH[8] -> PLCC: 0.891848, SROCC: 0.828793, KROCC: 0.644308, LOSS: 0.238407
2026-08-20 13:25:49,422 [INFO] Align: EPOCH[8] -> PLCC: 0.819414, SROCC: 0.669297, KROCC: 0.490105, LOSS: 0.342091
2026-08-20 13:25:49,422 [INFO] Start training
2026-08-20 13:25:49,710 [INFO] Start training epoch 9, 49 iters per inner epoch.
2026-08-20 13:26:10,950 [INFO] Averaged stats: lr: 0.000010  loss: 0.133266
2026-08-20 13:26:11,060 [INFO] Evaluating on val.
Train: data epoch: [9]  [ 0/49]  eta: 0:01:28  lr: 0.000010  loss: 0.1053  time: 1.8119  data: 0.0001  max mem: 14155
Train: data epoch: [9]  [20/49]  eta: 0:00:13  lr: 0.000010  loss: 0.1154  time: 0.4060  data: 0.0000  max mem: 14155
Train: data epoch: [9]  [40/49]  eta: 0:00:03  lr: 0.000010  loss: 0.1074  time: 0.4038  data: 0.0000  max mem: 14155
Train: data epoch: [9]  [48/49]  eta: 0:00:00  lr: 0.000010  loss: 0.1479  time: 0.4037  data: 0.0000  max mem: 14155
Train: data epoch: [9] Total time: 0:00:21 (0.4335 s / it)
2026-08-20 13:26:15,435 [INFO] Qual: EPOCH[9] -> PLCC: 0.893542, SROCC: 0.831192, KROCC: 0.644196, LOSS: 0.198870
2026-08-20 13:26:15,435 [INFO] Align: EPOCH[9] -> PLCC: 0.828130, SROCC: 0.673598, KROCC: 0.497312, LOSS: 0.307791
2026-08-20 13:26:15,436 [INFO] Start training
2026-08-20 13:26:15,770 [INFO] Start training epoch 10, 49 iters per inner epoch.
2026-08-20 13:26:36,511 [INFO] Averaged stats: lr: 0.000010  loss: 0.115546
2026-08-20 13:26:36,651 [INFO] Evaluating on val.
Train: data epoch: [10]  [ 0/49]  eta: 0:01:04  lr: 0.000010  loss: 0.0885  time: 1.3229  data: 0.0001  max mem: 14155
Train: data epoch: [10]  [20/49]  eta: 0:00:13  lr: 0.000010  loss: 0.1439  time: 0.4052  data: 0.0000  max mem: 14155
Train: data epoch: [10]  [40/49]  eta: 0:00:03  lr: 0.000010  loss: 0.0903  time: 0.4041  data: 0.0000  max mem: 14155
Train: data epoch: [10]  [48/49]  eta: 0:00:00  lr: 0.000010  loss: 0.0825  time: 0.4041  data: 0.0000  max mem: 14155
Train: data epoch: [10] Total time: 0:00:20 (0.4233 s / it)
2026-08-20 13:26:40,969 [INFO] Qual: EPOCH[10] -> PLCC: 0.895138, SROCC: 0.828536, KROCC: 0.641786, LOSS: 0.198984
2026-08-20 13:26:40,969 [INFO] Align: EPOCH[10] -> PLCC: 0.818613, SROCC: 0.658324, KROCC: 0.483223, LOSS: 0.330543
2026-08-20 13:26:40,983 [INFO] Saving checkpoint at epoch 10 to run/20260820132_B4_full/checkpoint_latest.pth.
2026-08-20 13:26:41,533 [INFO] Start training
2026-08-20 13:26:41,830 [INFO] Start training epoch 11, 49 iters per inner epoch.
2026-08-20 13:27:03,249 [INFO] Averaged stats: lr: 0.000010  loss: 0.109615
2026-08-20 13:27:03,346 [INFO] Evaluating on val.
Train: data epoch: [11]  [ 0/49]  eta: 0:01:35  lr: 0.000010  loss: 0.0701  time: 1.9581  data: 0.0001  max mem: 14155
Train: data epoch: [11]  [20/49]  eta: 0:00:13  lr: 0.000010  loss: 0.0861  time: 0.4063  data: 0.0000  max mem: 14155
Train: data epoch: [11]  [40/49]  eta: 0:00:03  lr: 0.000010  loss: 0.1215  time: 0.4051  data: 0.0000  max mem: 14155
Train: data epoch: [11]  [48/49]  eta: 0:00:00  lr: 0.000010  loss: 0.0855  time: 0.4048  data: 0.0000  max mem: 14155
Train: data epoch: [11] Total time: 0:00:21 (0.4371 s / it)
2026-08-20 13:27:07,563 [INFO] Qual: EPOCH[11] -> PLCC: 0.892166, SROCC: 0.823928, KROCC: 0.641529, LOSS: 0.204635
2026-08-20 13:27:07,563 [INFO] Align: EPOCH[11] -> PLCC: 0.816780, SROCC: 0.652684, KROCC: 0.477653, LOSS: 0.327822
2026-08-20 13:27:07,564 [INFO] Start training
2026-08-20 13:27:07,881 [INFO] Start training epoch 12, 49 iters per inner epoch.
2026-08-20 13:27:29,362 [INFO] Averaged stats: lr: 0.000010  loss: 0.108461
2026-08-20 13:27:29,493 [INFO] Evaluating on val.
Train: data epoch: [12]  [ 0/49]  eta: 0:01:38  lr: 0.000010  loss: 0.1107  time: 2.0122  data: 0.0001  max mem: 14155
Train: data epoch: [12]  [20/49]  eta: 0:00:14  lr: 0.000010  loss: 0.0768  time: 0.4067  data: 0.0000  max mem: 14155
Train: data epoch: [12]  [40/49]  eta: 0:00:04  lr: 0.000010  loss: 0.1649  time: 0.4052  data: 0.0000  max mem: 14155
Train: data epoch: [12]  [48/49]  eta: 0:00:00  lr: 0.000010  loss: 0.0762  time: 0.4037  data: 0.0000  max mem: 14155
Train: data epoch: [12] Total time: 0:00:21 (0.4384 s / it)
2026-08-20 13:27:33,849 [INFO] Qual: EPOCH[12] -> PLCC: 0.894021, SROCC: 0.829848, KROCC: 0.643759, LOSS: 0.203327
2026-08-20 13:27:33,849 [INFO] Align: EPOCH[12] -> PLCC: 0.823690, SROCC: 0.657546, KROCC: 0.482461, LOSS: 0.310585
2026-08-20 13:27:33,850 [INFO] Start training
2026-08-20 13:27:34,157 [INFO] Start training epoch 13, 49 iters per inner epoch.
2026-08-20 13:27:55,257 [INFO] Averaged stats: lr: 0.000010  loss: 0.099844
2026-08-20 13:27:55,369 [INFO] Evaluating on val.
Train: data epoch: [13]  [ 0/49]  eta: 0:01:22  lr: 0.000010  loss: 0.0652  time: 1.6898  data: 0.0001  max mem: 14155
Train: data epoch: [13]  [20/49]  eta: 0:00:13  lr: 0.000010  loss: 0.1032  time: 0.4045  data: 0.0000  max mem: 14155
Train: data epoch: [13]  [40/49]  eta: 0:00:03  lr: 0.000010  loss: 0.0550  time: 0.4042  data: 0.0000  max mem: 14155
Train: data epoch: [13]  [48/49]  eta: 0:00:00  lr: 0.000010  loss: 0.1133  time: 0.4042  data: 0.0000  max mem: 14155
Train: data epoch: [13] Total time: 0:00:21 (0.4306 s / it)
2026-08-20 13:27:59,714 [INFO] Qual: EPOCH[13] -> PLCC: 0.888126, SROCC: 0.822480, KROCC: 0.635555, LOSS: 0.278706
2026-08-20 13:27:59,715 [INFO] Align: EPOCH[13] -> PLCC: 0.816293, SROCC: 0.651969, KROCC: 0.478471, LOSS: 0.365307
2026-08-20 13:27:59,715 [INFO] Start training
2026-08-20 13:28:00,054 [INFO] Start training epoch 14, 49 iters per inner epoch.
2026-08-20 13:28:21,337 [INFO] Averaged stats: lr: 0.000010  loss: 0.093628
2026-08-20 13:28:21,453 [INFO] Evaluating on val.
Train: data epoch: [14]  [ 0/49]  eta: 0:01:26  lr: 0.000010  loss: 0.0661  time: 1.7658  data: 0.0001  max mem: 14155
Train: data epoch: [14]  [20/49]  eta: 0:00:13  lr: 0.000010  loss: 0.1128  time: 0.4085  data: 0.0000  max mem: 14155
Train: data epoch: [14]  [40/49]  eta: 0:00:03  lr: 0.000010  loss: 0.1006  time: 0.4044  data: 0.0000  max mem: 14155
Train: data epoch: [14]  [48/49]  eta: 0:00:00  lr: 0.000010  loss: 0.0654  time: 0.4053  data: 0.0000  max mem: 14155
Train: data epoch: [14] Total time: 0:00:21 (0.4344 s / it)
2026-08-20 13:28:25,717 [INFO] Qual: EPOCH[14] -> PLCC: 0.889412, SROCC: 0.820125, KROCC: 0.636821, LOSS: 0.221028
2026-08-20 13:28:25,718 [INFO] Align: EPOCH[14] -> PLCC: 0.798381, SROCC: 0.631735, KROCC: 0.458903, LOSS: 0.386061
2026-08-20 13:28:25,718 [INFO] Start training
2026-08-20 13:28:26,051 [INFO] Start training epoch 15, 49 iters per inner epoch.
2026-08-20 13:28:47,309 [INFO] Averaged stats: lr: 0.000010  loss: 0.089787
2026-08-20 13:28:47,416 [INFO] Evaluating on val.
Train: data epoch: [15]  [ 0/49]  eta: 0:01:30  lr: 0.000010  loss: 0.0519  time: 1.8550  data: 0.0001  max mem: 14155
Train: data epoch: [15]  [20/49]  eta: 0:00:13  lr: 0.000010  loss: 0.1217  time: 0.4048  data: 0.0000  max mem: 14155
Train: data epoch: [15]  [40/49]  eta: 0:00:03  lr: 0.000010  loss: 0.0758  time: 0.4036  data: 0.0000  max mem: 14155
Train: data epoch: [15]  [48/49]  eta: 0:00:00  lr: 0.000010  loss: 0.0767  time: 0.4037  data: 0.0000  max mem: 14155
Train: data epoch: [15] Total time: 0:00:21 (0.4338 s / it)
2026-08-20 13:28:51,820 [INFO] Qual: EPOCH[15] -> PLCC: 0.896750, SROCC: 0.827141, KROCC: 0.641618, LOSS: 0.242482
2026-08-20 13:28:51,820 [INFO] Align: EPOCH[15] -> PLCC: 0.825060, SROCC: 0.658131, KROCC: 0.483560, LOSS: 0.357370
2026-08-20 13:28:51,831 [INFO] Saving checkpoint at epoch 15 to run/20260820132_B4_full/checkpoint_latest.pth.
2026-08-20 13:28:52,666 [INFO] Start training
2026-08-20 13:28:53,031 [INFO] Start training epoch 16, 49 iters per inner epoch.
2026-08-20 13:29:13,919 [INFO] Averaged stats: lr: 0.000009  loss: 0.083205
2026-08-20 13:29:14,007 [INFO] Evaluating on val.
Train: data epoch: [16]  [ 0/49]  eta: 0:00:59  lr: 0.000009  loss: 0.2179  time: 1.2212  data: 0.0001  max mem: 14155
Train: data epoch: [16]  [20/49]  eta: 0:00:13  lr: 0.000009  loss: 0.0781  time: 0.4159  data: 0.0000  max mem: 14155
Train: data epoch: [16]  [40/49]  eta: 0:00:03  lr: 0.000009  loss: 0.0741  time: 0.4041  data: 0.0000  max mem: 14155
Train: data epoch: [16]  [48/49]  eta: 0:00:00  lr: 0.000009  loss: 0.0811  time: 0.4056  data: 0.0000  max mem: 14155
Train: data epoch: [16] Total time: 0:00:20 (0.4263 s / it)
2026-08-20 13:29:18,940 [INFO] Qual: EPOCH[16] -> PLCC: 0.894637, SROCC: 0.819001, KROCC: 0.633660, LOSS: 0.220497
2026-08-20 13:29:18,941 [INFO] Align: EPOCH[16] -> PLCC: 0.811182, SROCC: 0.639023, KROCC: 0.466703, LOSS: 0.352921
2026-08-20 13:29:18,942 [INFO] Start training
2026-08-20 13:29:19,308 [INFO] Start training epoch 17, 49 iters per inner epoch.
2026-08-20 13:29:40,637 [INFO] Averaged stats: lr: 0.000009  loss: 0.066499
2026-08-20 13:29:40,762 [INFO] Evaluating on val.
Train: data epoch: [17]  [ 0/49]  eta: 0:01:32  lr: 0.000009  loss: 0.0399  time: 1.8880  data: 0.0001  max mem: 14155
Train: data epoch: [17]  [20/49]  eta: 0:00:13  lr: 0.000009  loss: 0.0443  time: 0.4051  data: 0.0000  max mem: 14155
Train: data epoch: [17]  [40/49]  eta: 0:00:03  lr: 0.000009  loss: 0.0786  time: 0.4055  data: 0.0000  max mem: 14155
Train: data epoch: [17]  [48/49]  eta: 0:00:00  lr: 0.000009  loss: 0.0620  time: 0.4036  data: 0.0000  max mem: 14155
Train: data epoch: [17] Total time: 0:00:21 (0.4353 s / it)
2026-08-20 13:29:45,303 [INFO] Qual: EPOCH[17] -> PLCC: 0.893568, SROCC: 0.825184, KROCC: 0.642683, LOSS: 0.196877
2026-08-20 13:29:45,303 [INFO] Align: EPOCH[17] -> PLCC: 0.825275, SROCC: 0.650306, KROCC: 0.476241, LOSS: 0.329341
2026-08-20 13:29:45,304 [INFO] Start training
2026-08-20 13:29:45,606 [INFO] Start training epoch 18, 49 iters per inner epoch.
2026-08-20 13:30:07,047 [INFO] Averaged stats: lr: 0.000009  loss: 0.063741
2026-08-20 13:30:07,163 [INFO] Evaluating on val.
Train: data epoch: [18]  [ 0/49]  eta: 0:01:36  lr: 0.000009  loss: 0.0442  time: 1.9647  data: 0.0001  max mem: 14155
Train: data epoch: [18]  [20/49]  eta: 0:00:13  lr: 0.000009  loss: 0.0301  time: 0.4083  data: 0.0000  max mem: 14155
Train: data epoch: [18]  [40/49]  eta: 0:00:03  lr: 0.000009  loss: 0.0907  time: 0.4037  data: 0.0000  max mem: 14155
Train: data epoch: [18]  [48/49]  eta: 0:00:00  lr: 0.000009  loss: 0.0469  time: 0.4039  data: 0.0000  max mem: 14155
Train: data epoch: [18] Total time: 0:00:21 (0.4376 s / it)
2026-08-20 13:30:11,457 [INFO] Qual: EPOCH[18] -> PLCC: 0.895516, SROCC: 0.830548, KROCC: 0.646348, LOSS: 0.194162
2026-08-20 13:30:11,457 [INFO] Align: EPOCH[18] -> PLCC: 0.813916, SROCC: 0.643137, KROCC: 0.470368, LOSS: 0.322079
2026-08-20 13:30:11,471 [INFO] Saving checkpoint at epoch 18 to run/20260820132_B4_full/checkpoint_best.pth.
2026-08-20 13:30:12,419 [INFO] Start training
2026-08-20 13:30:12,785 [INFO] Start training epoch 19, 49 iters per inner epoch.
2026-08-20 13:30:33,968 [INFO] Averaged stats: lr: 0.000009  loss: 0.058461
2026-08-20 13:30:34,093 [INFO] Evaluating on val.
Train: data epoch: [19]  [ 0/49]  eta: 0:01:23  lr: 0.000009  loss: 0.0533  time: 1.6982  data: 0.0001  max mem: 14155
Train: data epoch: [19]  [20/49]  eta: 0:00:13  lr: 0.000009  loss: 0.0616  time: 0.4063  data: 0.0000  max mem: 14155
Train: data epoch: [19]  [40/49]  eta: 0:00:03  lr: 0.000009  loss: 0.1017  time: 0.4062  data: 0.0000  max mem: 14155
Train: data epoch: [19]  [48/49]  eta: 0:00:00  lr: 0.000009  loss: 0.0488  time: 0.4042  data: 0.0000  max mem: 14155
Train: data epoch: [19] Total time: 0:00:21 (0.4323 s / it)
2026-08-20 13:30:38,688 [INFO] Qual: EPOCH[19] -> PLCC: 0.895525, SROCC: 0.830278, KROCC: 0.644039, LOSS: 0.205186
2026-08-20 13:30:38,688 [INFO] Align: EPOCH[19] -> PLCC: 0.819850, SROCC: 0.652482, KROCC: 0.480119, LOSS: 0.316678
2026-08-20 13:30:38,689 [INFO] Start training
2026-08-20 13:30:39,036 [INFO] Start training epoch 20, 49 iters per inner epoch.
2026-08-20 13:31:00,325 [INFO] Averaged stats: lr: 0.000009  loss: 0.048567
2026-08-20 13:31:00,439 [INFO] Evaluating on val.
Train: data epoch: [20]  [ 0/49]  eta: 0:01:30  lr: 0.000009  loss: 0.0503  time: 1.8372  data: 0.0001  max mem: 14155
Train: data epoch: [20]  [20/49]  eta: 0:00:13  lr: 0.000009  loss: 0.0484  time: 0.4073  data: 0.0000  max mem: 14155
Train: data epoch: [20]  [40/49]  eta: 0:00:03  lr: 0.000009  loss: 0.0583  time: 0.4036  data: 0.0000  max mem: 14155
Train: data epoch: [20]  [48/49]  eta: 0:00:00  lr: 0.000009  loss: 0.0822  time: 0.4037  data: 0.0000  max mem: 14155
Train: data epoch: [20] Total time: 0:00:21 (0.4345 s / it)
2026-08-20 13:31:04,954 [INFO] Qual: EPOCH[20] -> PLCC: 0.894644, SROCC: 0.838499, KROCC: 0.651044, LOSS: 0.206544
2026-08-20 13:31:04,954 [INFO] Align: EPOCH[20] -> PLCC: 0.823004, SROCC: 0.656854, KROCC: 0.482607, LOSS: 0.315166
2026-08-20 13:31:04,969 [INFO] Saving checkpoint at epoch 20 to run/20260820132_B4_full/checkpoint_best.pth.
2026-08-20 13:31:05,884 [INFO] Start training
2026-08-20 13:31:06,254 [INFO] Start training epoch 21, 49 iters per inner epoch.
2026-08-20 13:31:27,605 [INFO] Averaged stats: lr: 0.000009  loss: 0.049427
2026-08-20 13:31:27,718 [INFO] Evaluating on val.
Train: data epoch: [21]  [ 0/49]  eta: 0:01:32  lr: 0.000009  loss: 0.0486  time: 1.8824  data: 0.0001  max mem: 14155
Train: data epoch: [21]  [20/49]  eta: 0:00:13  lr: 0.000009  loss: 0.0418  time: 0.4062  data: 0.0000  max mem: 14155
Train: data epoch: [21]  [40/49]  eta: 0:00:03  lr: 0.000009  loss: 0.0499  time: 0.4051  data: 0.0000  max mem: 14155
Train: data epoch: [21]  [48/49]  eta: 0:00:00  lr: 0.000009  loss: 0.0471  time: 0.4048  data: 0.0000  max mem: 14155
Train: data epoch: [21] Total time: 0:00:21 (0.4357 s / it)
2026-08-20 13:31:32,276 [INFO] Qual: EPOCH[21] -> PLCC: 0.894902, SROCC: 0.836123, KROCC: 0.651325, LOSS: 0.246435
2026-08-20 13:31:32,277 [INFO] Align: EPOCH[21] -> PLCC: 0.816317, SROCC: 0.652201, KROCC: 0.480208, LOSS: 0.336294
2026-08-20 13:31:32,277 [INFO] Start training
2026-08-20 13:31:32,585 [INFO] Start training epoch 22, 49 iters per inner epoch.
2026-08-20 13:31:53,229 [INFO] Averaged stats: lr: 0.000009  loss: 0.045540
2026-08-20 13:31:53,343 [INFO] Evaluating on val.
Train: data epoch: [22]  [ 0/49]  eta: 0:00:57  lr: 0.000009  loss: 0.0339  time: 1.1798  data: 0.0001  max mem: 14155
Train: data epoch: [22]  [20/49]  eta: 0:00:12  lr: 0.000009  loss: 0.0452  time: 0.4073  data: 0.0000  max mem: 14155
Train: data epoch: [22]  [40/49]  eta: 0:00:03  lr: 0.000009  loss: 0.0319  time: 0.4036  data: 0.0000  max mem: 14155
Train: data epoch: [22]  [48/49]  eta: 0:00:00  lr: 0.000009  loss: 0.0349  time: 0.4042  data: 0.0000  max mem: 14155
Train: data epoch: [22] Total time: 0:00:20 (0.4213 s / it)
2026-08-20 13:31:57,693 [INFO] Qual: EPOCH[22] -> PLCC: 0.894326, SROCC: 0.833294, KROCC: 0.650738, LOSS: 0.205632
2026-08-20 13:31:57,693 [INFO] Align: EPOCH[22] -> PLCC: 0.820433, SROCC: 0.664214, KROCC: 0.489735, LOSS: 0.321586
2026-08-20 13:31:57,694 [INFO] Start training
2026-08-20 13:31:58,030 [INFO] Start training epoch 23, 49 iters per inner epoch.
2026-08-20 13:32:19,055 [INFO] Averaged stats: lr: 0.000009  loss: 0.045764
2026-08-20 13:32:19,187 [INFO] Evaluating on val.
Train: data epoch: [23]  [ 0/49]  eta: 0:01:18  lr: 0.000009  loss: 0.0434  time: 1.6015  data: 0.0001  max mem: 14155
Train: data epoch: [23]  [20/49]  eta: 0:00:13  lr: 0.000009  loss: 0.0355  time: 0.4064  data: 0.0000  max mem: 14155
Train: data epoch: [23]  [40/49]  eta: 0:00:03  lr: 0.000009  loss: 0.0429  time: 0.4033  data: 0.0000  max mem: 14155
Train: data epoch: [23]  [48/49]  eta: 0:00:00  lr: 0.000009  loss: 0.0968  time: 0.4033  data: 0.0000  max mem: 14155
Train: data epoch: [23] Total time: 0:00:21 (0.4291 s / it)
2026-08-20 13:32:23,696 [INFO] Qual: EPOCH[23] -> PLCC: 0.897302, SROCC: 0.836481, KROCC: 0.652311, LOSS: 0.260884
2026-08-20 13:32:23,696 [INFO] Align: EPOCH[23] -> PLCC: 0.829811, SROCC: 0.662090, KROCC: 0.489007, LOSS: 0.422041
2026-08-20 13:32:23,710 [INFO] Saving checkpoint at epoch 23 to run/20260820132_B4_full/checkpoint_best.pth.
2026-08-20 13:32:24,665 [INFO] Start training
2026-08-20 13:32:25,053 [INFO] Start training epoch 24, 49 iters per inner epoch.
2026-08-20 13:32:46,139 [INFO] Averaged stats: lr: 0.000009  loss: 0.044688
2026-08-20 13:32:46,239 [INFO] Evaluating on val.
Train: data epoch: [24]  [ 0/49]  eta: 0:01:05  lr: 0.000009  loss: 0.0345  time: 1.3299  data: 0.0001  max mem: 14155
Train: data epoch: [24]  [20/49]  eta: 0:00:13  lr: 0.000009  loss: 0.0505  time: 0.4222  data: 0.0000  max mem: 14155
Train: data epoch: [24]  [40/49]  eta: 0:00:03  lr: 0.000009  loss: 0.0876  time: 0.4040  data: 0.0000  max mem: 14155
Train: data epoch: [24]  [48/49]  eta: 0:00:00  lr: 0.000009  loss: 0.0266  time: 0.4036  data: 0.0000  max mem: 14155
Train: data epoch: [24] Total time: 0:00:21 (0.4303 s / it)
2026-08-20 13:32:50,522 [INFO] Qual: EPOCH[24] -> PLCC: 0.891834, SROCC: 0.829372, KROCC: 0.646382, LOSS: 0.252505
2026-08-20 13:32:50,522 [INFO] Align: EPOCH[24] -> PLCC: 0.819625, SROCC: 0.652872, KROCC: 0.478819, LOSS: 0.336648
2026-08-20 13:32:50,523 [INFO] Start training
2026-08-20 13:32:50,865 [INFO] Start training epoch 25, 49 iters per inner epoch.
2026-08-20 13:33:12,194 [INFO] Averaged stats: lr: 0.000009  loss: 0.038253
2026-08-20 13:33:12,302 [INFO] Evaluating on val.
Train: data epoch: [25]  [ 0/49]  eta: 0:01:29  lr: 0.000009  loss: 0.0490  time: 1.8325  data: 0.0001  max mem: 14155
Train: data epoch: [25]  [20/49]  eta: 0:00:13  lr: 0.000009  loss: 0.0470  time: 0.4072  data: 0.0000  max mem: 14155
Train: data epoch: [25]  [40/49]  eta: 0:00:03  lr: 0.000009  loss: 0.0368  time: 0.4059  data: 0.0000  max mem: 14155
Train: data epoch: [25]  [48/49]  eta: 0:00:00  lr: 0.000009  loss: 0.0307  time: 0.4056  data: 0.0000  max mem: 14155
Train: data epoch: [25] Total time: 0:00:21 (0.4353 s / it)
2026-08-20 13:33:16,607 [INFO] Qual: EPOCH[25] -> PLCC: 0.895318, SROCC: 0.832074, KROCC: 0.647379, LOSS: 0.195383
2026-08-20 13:33:16,607 [INFO] Align: EPOCH[25] -> PLCC: 0.823712, SROCC: 0.653420, KROCC: 0.480679, LOSS: 0.318133
2026-08-20 13:33:16,619 [INFO] Saving checkpoint at epoch 25 to run/20260820132_B4_full/checkpoint_latest.pth.
2026-08-20 13:33:17,438 [INFO] Start training
2026-08-20 13:33:17,800 [INFO] Start training epoch 26, 49 iters per inner epoch.
2026-08-20 13:33:39,288 [INFO] Averaged stats: lr: 0.000009  loss: 0.039741
2026-08-20 13:33:39,397 [INFO] Evaluating on val.
Train: data epoch: [26]  [ 0/49]  eta: 0:01:40  lr: 0.000009  loss: 0.0332  time: 2.0454  data: 0.0001  max mem: 14155
Train: data epoch: [26]  [20/49]  eta: 0:00:14  lr: 0.000009  loss: 0.0594  time: 0.4074  data: 0.0000  max mem: 14155
Train: data epoch: [26]  [40/49]  eta: 0:00:04  lr: 0.000009  loss: 0.0317  time: 0.4033  data: 0.0000  max mem: 14155
Train: data epoch: [26]  [48/49]  eta: 0:00:00  lr: 0.000009  loss: 0.0471  time: 0.4032  data: 0.0000  max mem: 14155
Train: data epoch: [26] Total time: 0:00:21 (0.4385 s / it)
2026-08-20 13:33:44,099 [INFO] Qual: EPOCH[26] -> PLCC: 0.893815, SROCC: 0.833993, KROCC: 0.648388, LOSS: 0.202554
2026-08-20 13:33:44,099 [INFO] Align: EPOCH[26] -> PLCC: 0.823548, SROCC: 0.656499, KROCC: 0.483156, LOSS: 0.325967
2026-08-20 13:33:44,100 [INFO] Start training
2026-08-20 13:33:44,444 [INFO] Start training epoch 27, 49 iters per inner epoch.
2026-08-20 13:34:05,634 [INFO] Averaged stats: lr: 0.000008  loss: 0.037910
2026-08-20 13:34:05,759 [INFO] Evaluating on val.
Train: data epoch: [27]  [ 0/49]  eta: 0:01:22  lr: 0.000008  loss: 0.0270  time: 1.6789  data: 0.0001  max mem: 14155
Train: data epoch: [27]  [20/49]  eta: 0:00:13  lr: 0.000008  loss: 0.0398  time: 0.4070  data: 0.0000  max mem: 14155
Train: data epoch: [27]  [40/49]  eta: 0:00:03  lr: 0.000008  loss: 0.0408  time: 0.4059  data: 0.0000  max mem: 14155
Train: data epoch: [27]  [48/49]  eta: 0:00:00  lr: 0.000008  loss: 0.0364  time: 0.4048  data: 0.0000  max mem: 14155
Train: data epoch: [27] Total time: 0:00:21 (0.4324 s / it)
2026-08-20 13:34:10,058 [INFO] Qual: EPOCH[27] -> PLCC: 0.899177, SROCC: 0.836803, KROCC: 0.653914, LOSS: 0.201586
2026-08-20 13:34:10,058 [INFO] Align: EPOCH[27] -> PLCC: 0.827888, SROCC: 0.667145, KROCC: 0.494409, LOSS: 0.321635
2026-08-20 13:34:10,070 [INFO] Saving checkpoint at epoch 27 to run/20260820132_B4_full/checkpoint_best.pth.
2026-08-20 13:34:10,921 [INFO] Start training
2026-08-20 13:34:11,294 [INFO] Start training epoch 28, 49 iters per inner epoch.
2026-08-20 13:34:32,594 [INFO] Averaged stats: lr: 0.000008  loss: 0.033783
2026-08-20 13:34:32,694 [INFO] Evaluating on val.
Train: data epoch: [28]  [ 0/49]  eta: 0:01:34  lr: 0.000008  loss: 0.0376  time: 1.9374  data: 0.0001  max mem: 14155
Train: data epoch: [28]  [20/49]  eta: 0:00:13  lr: 0.000008  loss: 0.0485  time: 0.4039  data: 0.0000  max mem: 14155
Train: data epoch: [28]  [40/49]  eta: 0:00:03  lr: 0.000008  loss: 0.0221  time: 0.4030  data: 0.0000  max mem: 14155
Train: data epoch: [28]  [48/49]  eta: 0:00:00  lr: 0.000008  loss: 0.0434  time: 0.4029  data: 0.0000  max mem: 14155
Train: data epoch: [28] Total time: 0:00:21 (0.4347 s / it)
2026-08-20 13:34:37,426 [INFO] Qual: EPOCH[28] -> PLCC: 0.896205, SROCC: 0.836105, KROCC: 0.650966, LOSS: 0.264350
2026-08-20 13:34:37,427 [INFO] Align: EPOCH[28] -> PLCC: 0.820758, SROCC: 0.647366, KROCC: 0.475647, LOSS: 0.323909
2026-08-20 13:34:37,428 [INFO] Start training
2026-08-20 13:34:37,747 [INFO] Start training epoch 29, 49 iters per inner epoch.
2026-08-20 13:34:58,703 [INFO] Averaged stats: lr: 0.000008  loss: 0.035800
2026-08-20 13:34:58,828 [INFO] Evaluating on val.
Train: data epoch: [29]  [ 0/49]  eta: 0:01:10  lr: 0.000008  loss: 0.0268  time: 1.4438  data: 0.0001  max mem: 14155
Train: data epoch: [29]  [20/49]  eta: 0:00:13  lr: 0.000008  loss: 0.0356  time: 0.4109  data: 0.0000  max mem: 14155
Train: data epoch: [29]  [40/49]  eta: 0:00:03  lr: 0.000008  loss: 0.0620  time: 0.4031  data: 0.0000  max mem: 14155
Train: data epoch: [29]  [48/49]  eta: 0:00:00  lr: 0.000008  loss: 0.0339  time: 0.4033  data: 0.0000  max mem: 14155
Train: data epoch: [29] Total time: 0:00:20 (0.4277 s / it)
2026-08-20 13:35:03,179 [INFO] Qual: EPOCH[29] -> PLCC: 0.889775, SROCC: 0.820635, KROCC: 0.637023, LOSS: 0.282488
2026-08-20 13:35:03,179 [INFO] Align: EPOCH[29] -> PLCC: 0.820871, SROCC: 0.649728, KROCC: 0.477653, LOSS: 0.321863
2026-08-20 13:35:03,180 [INFO] Start training
2026-08-20 13:35:03,499 [INFO] Start training epoch 30, 49 iters per inner epoch.
2026-08-20 13:35:24,522 [INFO] Averaged stats: lr: 0.000008  loss: 0.030420
2026-08-20 13:35:24,632 [INFO] Evaluating on val.
Train: data epoch: [30]  [ 0/49]  eta: 0:01:16  lr: 0.000008  loss: 0.0412  time: 1.5661  data: 0.0001  max mem: 14155
Train: data epoch: [30]  [20/49]  eta: 0:00:13  lr: 0.000008  loss: 0.0210  time: 0.4078  data: 0.0000  max mem: 14155
Train: data epoch: [30]  [40/49]  eta: 0:00:03  lr: 0.000008  loss: 0.0300  time: 0.4035  data: 0.0000  max mem: 14155
Train: data epoch: [30]  [48/49]  eta: 0:00:00  lr: 0.000008  loss: 0.0231  time: 0.4033  data: 0.0000  max mem: 14155
Train: data epoch: [30] Total time: 0:00:21 (0.4290 s / it)
2026-08-20 13:35:28,943 [INFO] Qual: EPOCH[30] -> PLCC: 0.894286, SROCC: 0.834323, KROCC: 0.648814, LOSS: 0.232498
2026-08-20 13:35:28,943 [INFO] Align: EPOCH[30] -> PLCC: 0.821909, SROCC: 0.650317, KROCC: 0.478785, LOSS: 0.333933
2026-08-20 13:35:28,958 [INFO] Saving checkpoint at epoch 30 to run/20260820132_B4_full/checkpoint_latest.pth.
2026-08-20 13:35:29,836 [INFO] Start training
2026-08-20 13:35:30,198 [INFO] Start training epoch 31, 49 iters per inner epoch.
2026-08-20 13:35:51,198 [INFO] Averaged stats: lr: 0.000008  loss: 0.042181
2026-08-20 13:35:51,289 [INFO] Evaluating on val.
Train: data epoch: [31]  [ 0/49]  eta: 0:01:17  lr: 0.000008  loss: 0.0649  time: 1.5852  data: 0.0001  max mem: 14155
Train: data epoch: [31]  [20/49]  eta: 0:00:13  lr: 0.000008  loss: 0.0307  time: 0.4058  data: 0.0000  max mem: 14155
Train: data epoch: [31]  [40/49]  eta: 0:00:03  lr: 0.000008  loss: 0.0457  time: 0.4034  data: 0.0000  max mem: 14155
Train: data epoch: [31]  [48/49]  eta: 0:00:00  lr: 0.000008  loss: 0.0285  time: 0.4033  data: 0.0000  max mem: 14155
Train: data epoch: [31] Total time: 0:00:20 (0.4285 s / it)
2026-08-20 13:35:55,735 [INFO] Qual: EPOCH[31] -> PLCC: 0.901626, SROCC: 0.841844, KROCC: 0.658531, LOSS: 0.195897
2026-08-20 13:35:55,735 [INFO] Align: EPOCH[31] -> PLCC: 0.828613, SROCC: 0.665818, KROCC: 0.492145, LOSS: 0.316864
2026-08-20 13:35:55,750 [INFO] Saving checkpoint at epoch 31 to run/20260820132_B4_full/checkpoint_best.pth.
2026-08-20 13:35:56,705 [INFO] Start training
2026-08-20 13:35:57,044 [INFO] Start training epoch 32, 49 iters per inner epoch.
2026-08-20 13:36:18,153 [INFO] Averaged stats: lr: 0.000008  loss: 0.032521
2026-08-20 13:36:18,247 [INFO] Evaluating on val.
Train: data epoch: [32]  [ 0/49]  eta: 0:01:21  lr: 0.000008  loss: 0.0286  time: 1.6556  data: 0.0001  max mem: 14155
Train: data epoch: [32]  [20/49]  eta: 0:00:13  lr: 0.000008  loss: 0.0418  time: 0.4062  data: 0.0000  max mem: 14155
Train: data epoch: [32]  [40/49]  eta: 0:00:03  lr: 0.000008  loss: 0.0418  time: 0.4030  data: 0.0000  max mem: 14155
Train: data epoch: [32]  [48/49]  eta: 0:00:00  lr: 0.000008  loss: 0.0317  time: 0.4050  data: 0.0000  max mem: 14155
Train: data epoch: [32] Total time: 0:00:21 (0.4308 s / it)
2026-08-20 13:36:22,541 [INFO] Qual: EPOCH[32] -> PLCC: 0.898009, SROCC: 0.833249, KROCC: 0.649061, LOSS: 0.201920
2026-08-20 13:36:22,541 [INFO] Align: EPOCH[32] -> PLCC: 0.825321, SROCC: 0.656479, KROCC: 0.482517, LOSS: 0.324211
2026-08-20 13:36:22,541 [INFO] Start training
2026-08-20 13:36:22,854 [INFO] Start training epoch 33, 49 iters per inner epoch.
2026-08-20 13:36:44,124 [INFO] Averaged stats: lr: 0.000008  loss: 0.033203
2026-08-20 13:36:44,228 [INFO] Evaluating on val.
Train: data epoch: [33]  [ 0/49]  eta: 0:01:29  lr: 0.000008  loss: 0.0389  time: 1.8164  data: 0.0001  max mem: 14155
Train: data epoch: [33]  [20/49]  eta: 0:00:13  lr: 0.000008  loss: 0.0709  time: 0.4072  data: 0.0000  max mem: 14155
Train: data epoch: [33]  [40/49]  eta: 0:00:03  lr: 0.000008  loss: 0.0317  time: 0.4037  data: 0.0000  max mem: 14155
Train: data epoch: [33]  [48/49]  eta: 0:00:00  lr: 0.000008  loss: 0.0427  time: 0.4040  data: 0.0000  max mem: 14155
Train: data epoch: [33] Total time: 0:00:21 (0.4341 s / it)
2026-08-20 13:36:48,529 [INFO] Qual: EPOCH[33] -> PLCC: 0.902724, SROCC: 0.841429, KROCC: 0.660045, LOSS: 0.184861
2026-08-20 13:36:48,529 [INFO] Align: EPOCH[33] -> PLCC: 0.823826, SROCC: 0.653365, KROCC: 0.480545, LOSS: 0.334248
2026-08-20 13:36:48,540 [INFO] Saving checkpoint at epoch 33 to run/20260820132_B4_full/checkpoint_best.pth.
2026-08-20 13:36:49,365 [INFO] Start training
2026-08-20 13:36:49,686 [INFO] Start training epoch 34, 49 iters per inner epoch.
2026-08-20 13:37:11,203 [INFO] Averaged stats: lr: 0.000008  loss: 0.028716
2026-08-20 13:37:11,323 [INFO] Evaluating on val.
Train: data epoch: [34]  [ 0/49]  eta: 0:01:43  lr: 0.000008  loss: 0.0216  time: 2.1184  data: 0.0001  max mem: 14155
Train: data epoch: [34]  [20/49]  eta: 0:00:14  lr: 0.000008  loss: 0.0215  time: 0.4047  data: 0.0000  max mem: 14155
Train: data epoch: [34]  [40/49]  eta: 0:00:04  lr: 0.000008  loss: 0.0247  time: 0.4037  data: 0.0000  max mem: 14155
Train: data epoch: [34]  [48/49]  eta: 0:00:00  lr: 0.000008  loss: 0.0421  time: 0.4034  data: 0.0000  max mem: 14155
Train: data epoch: [34] Total time: 0:00:21 (0.4391 s / it)
2026-08-20 13:37:15,681 [INFO] Qual: EPOCH[34] -> PLCC: 0.894696, SROCC: 0.833236, KROCC: 0.649767, LOSS: 0.206117
2026-08-20 13:37:15,681 [INFO] Align: EPOCH[34] -> PLCC: 0.823238, SROCC: 0.660310, KROCC: 0.486462, LOSS: 0.315054
2026-08-20 13:37:15,682 [INFO] Start training
2026-08-20 13:37:16,027 [INFO] Start training epoch 35, 49 iters per inner epoch.
2026-08-20 13:37:37,059 [INFO] Averaged stats: lr: 0.000008  loss: 0.027301
2026-08-20 13:37:37,172 [INFO] Evaluating on val.
Train: data epoch: [35]  [ 0/49]  eta: 0:01:15  lr: 0.000008  loss: 0.0178  time: 1.5464  data: 0.0001  max mem: 14155
Train: data epoch: [35]  [20/49]  eta: 0:00:13  lr: 0.000008  loss: 0.0276  time: 0.4060  data: 0.0000  max mem: 14155
Train: data epoch: [35]  [40/49]  eta: 0:00:03  lr: 0.000008  loss: 0.0243  time: 0.4064  data: 0.0000  max mem: 14155
Train: data epoch: [35]  [48/49]  eta: 0:00:00  lr: 0.000008  loss: 0.0432  time: 0.4054  data: 0.0000  max mem: 14155
Train: data epoch: [35] Total time: 0:00:21 (0.4292 s / it)
2026-08-20 13:37:41,569 [INFO] Qual: EPOCH[35] -> PLCC: 0.898977, SROCC: 0.839533, KROCC: 0.656099, LOSS: 0.199762
2026-08-20 13:37:41,569 [INFO] Align: EPOCH[35] -> PLCC: 0.826871, SROCC: 0.659825, KROCC: 0.489175, LOSS: 0.308145
2026-08-20 13:37:41,584 [INFO] Saving checkpoint at epoch 35 to run/20260820132_B4_full/checkpoint_latest.pth.
2026-08-20 13:37:42,597 [INFO] Start training
2026-08-20 13:37:42,962 [INFO] Start training epoch 36, 49 iters per inner epoch.
2026-08-20 13:38:04,334 [INFO] Averaged stats: lr: 0.000007  loss: 0.021852
2026-08-20 13:38:04,421 [INFO] Evaluating on val.
Train: data epoch: [36]  [ 0/49]  eta: 0:01:34  lr: 0.000007  loss: 0.0309  time: 1.9294  data: 0.0001  max mem: 14155
Train: data epoch: [36]  [20/49]  eta: 0:00:13  lr: 0.000007  loss: 0.0137  time: 0.4066  data: 0.0000  max mem: 14155
Train: data epoch: [36]  [40/49]  eta: 0:00:03  lr: 0.000007  loss: 0.0278  time: 0.4037  data: 0.0000  max mem: 14155
Train: data epoch: [36]  [48/49]  eta: 0:00:00  lr: 0.000007  loss: 0.0263  time: 0.4038  data: 0.0000  max mem: 14155
Train: data epoch: [36] Total time: 0:00:21 (0.4361 s / it)
2026-08-20 13:38:09,025 [INFO] Qual: EPOCH[36] -> PLCC: 0.898505, SROCC: 0.833677, KROCC: 0.650462, LOSS: 0.193570
2026-08-20 13:38:09,025 [INFO] Align: EPOCH[36] -> PLCC: 0.822393, SROCC: 0.651870, KROCC: 0.480298, LOSS: 0.321491
2026-08-20 13:38:09,026 [INFO] Start training
2026-08-20 13:38:09,341 [INFO] Start training epoch 37, 49 iters per inner epoch.
2026-08-20 13:38:30,724 [INFO] Averaged stats: lr: 0.000007  loss: 0.023516
2026-08-20 13:38:30,832 [INFO] Evaluating on val.
Train: data epoch: [37]  [ 0/49]  eta: 0:01:33  lr: 0.000007  loss: 0.0192  time: 1.8993  data: 0.0001  max mem: 14155
Train: data epoch: [37]  [20/49]  eta: 0:00:13  lr: 0.000007  loss: 0.0153  time: 0.4084  data: 0.0000  max mem: 14155
Train: data epoch: [37]  [40/49]  eta: 0:00:03  lr: 0.000007  loss: 0.0220  time: 0.4037  data: 0.0000  max mem: 14155
Train: data epoch: [37]  [48/49]  eta: 0:00:00  lr: 0.000007  loss: 0.0272  time: 0.4042  data: 0.0000  max mem: 14155
Train: data epoch: [37] Total time: 0:00:21 (0.4364 s / it)
2026-08-20 13:38:35,073 [INFO] Qual: EPOCH[37] -> PLCC: 0.901126, SROCC: 0.835709, KROCC: 0.654227, LOSS: 0.194287
2026-08-20 13:38:35,073 [INFO] Align: EPOCH[37] -> PLCC: 0.828732, SROCC: 0.658008, KROCC: 0.485521, LOSS: 0.312913
2026-08-20 13:38:35,074 [INFO] Start training
2026-08-20 13:38:35,407 [INFO] Start training epoch 38, 49 iters per inner epoch.
2026-08-20 13:38:56,673 [INFO] Averaged stats: lr: 0.000007  loss: 0.026842
2026-08-20 13:38:56,772 [INFO] Evaluating on val.
Train: data epoch: [38]  [ 0/49]  eta: 0:01:28  lr: 0.000007  loss: 0.0273  time: 1.7970  data: 0.0001  max mem: 14155
Train: data epoch: [38]  [20/49]  eta: 0:00:13  lr: 0.000007  loss: 0.0171  time: 0.4078  data: 0.0000  max mem: 14155
Train: data epoch: [38]  [40/49]  eta: 0:00:03  lr: 0.000007  loss: 0.0190  time: 0.4039  data: 0.0000  max mem: 14155
Train: data epoch: [38]  [48/49]  eta: 0:00:00  lr: 0.000007  loss: 0.0290  time: 0.4037  data: 0.0000  max mem: 14155
Train: data epoch: [38] Total time: 0:00:21 (0.4340 s / it)
2026-08-20 13:39:01,162 [INFO] Qual: EPOCH[38] -> PLCC: 0.897258, SROCC: 0.833756, KROCC: 0.652345, LOSS: 0.201305
2026-08-20 13:39:01,163 [INFO] Align: EPOCH[38] -> PLCC: 0.828232, SROCC: 0.658376, KROCC: 0.485924, LOSS: 0.306958
2026-08-20 13:39:01,163 [INFO] Start training
2026-08-20 13:39:01,507 [INFO] Start training epoch 39, 49 iters per inner epoch.
2026-08-20 13:39:22,196 [INFO] Averaged stats: lr: 0.000007  loss: 0.026636
2026-08-20 13:39:22,323 [INFO] Evaluating on val.
Train: data epoch: [39]  [ 0/49]  eta: 0:01:03  lr: 0.000007  loss: 0.0202  time: 1.2885  data: 0.0001  max mem: 14155
Train: data epoch: [39]  [20/49]  eta: 0:00:12  lr: 0.000007  loss: 0.0211  time: 0.4052  data: 0.0000  max mem: 14155
Train: data epoch: [39]  [40/49]  eta: 0:00:03  lr: 0.000007  loss: 0.0198  time: 0.4034  data: 0.0000  max mem: 14155
Train: data epoch: [39]  [48/49]  eta: 0:00:00  lr: 0.000007  loss: 0.0206  time: 0.4032  data: 0.0000  max mem: 14155
Train: data epoch: [39] Total time: 0:00:20 (0.4222 s / it)
2026-08-20 13:39:26,641 [INFO] Qual: EPOCH[39] -> PLCC: 0.902070, SROCC: 0.841430, KROCC: 0.659921, LOSS: 0.206151
2026-08-20 13:39:26,642 [INFO] Align: EPOCH[39] -> PLCC: 0.826209, SROCC: 0.649809, KROCC: 0.478561, LOSS: 0.309691
2026-08-20 13:39:26,642 [INFO] Start training
2026-08-20 13:39:26,985 [INFO] Start training epoch 40, 49 iters per inner epoch.
2026-08-20 13:39:47,844 [INFO] Averaged stats: lr: 0.000007  loss: 0.024256
2026-08-20 13:39:47,984 [INFO] Evaluating on val.
Train: data epoch: [40]  [ 0/49]  eta: 0:01:01  lr: 0.000007  loss: 0.0307  time: 1.2541  data: 0.0001  max mem: 14155
Train: data epoch: [40]  [20/49]  eta: 0:00:13  lr: 0.000007  loss: 0.0257  time: 0.4123  data: 0.0000  max mem: 14155
Train: data epoch: [40]  [40/49]  eta: 0:00:03  lr: 0.000007  loss: 0.0252  time: 0.4061  data: 0.0000  max mem: 14155
Train: data epoch: [40]  [48/49]  eta: 0:00:00  lr: 0.000007  loss: 0.0193  time: 0.4063  data: 0.0000  max mem: 14155
Train: data epoch: [40] Total time: 0:00:20 (0.4257 s / it)
2026-08-20 13:39:52,350 [INFO] Qual: EPOCH[40] -> PLCC: 0.898661, SROCC: 0.834959, KROCC: 0.652143, LOSS: 0.231039
2026-08-20 13:39:52,350 [INFO] Align: EPOCH[40] -> PLCC: 0.825488, SROCC: 0.654544, KROCC: 0.482842, LOSS: 0.320925
2026-08-20 13:39:52,365 [INFO] Saving checkpoint at epoch 40 to run/20260820132_B4_full/checkpoint_latest.pth.
2026-08-20 13:39:53,393 [INFO] Start training
2026-08-20 13:39:53,765 [INFO] Start training epoch 41, 49 iters per inner epoch.
2026-08-20 13:40:14,704 [INFO] Averaged stats: lr: 0.000007  loss: 0.024571
2026-08-20 13:40:14,805 [INFO] Evaluating on val.
Train: data epoch: [41]  [ 0/49]  eta: 0:01:12  lr: 0.000007  loss: 0.0239  time: 1.4707  data: 0.0001  max mem: 14155
Train: data epoch: [41]  [20/49]  eta: 0:00:13  lr: 0.000007  loss: 0.0156  time: 0.4076  data: 0.0000  max mem: 14155
Train: data epoch: [41]  [40/49]  eta: 0:00:03  lr: 0.000007  loss: 0.0222  time: 0.4038  data: 0.0000  max mem: 14155
Train: data epoch: [41]  [48/49]  eta: 0:00:00  lr: 0.000007  loss: 0.0220  time: 0.4041  data: 0.0000  max mem: 14155
Train: data epoch: [41] Total time: 0:00:20 (0.4273 s / it)
2026-08-20 13:40:19,482 [INFO] Qual: EPOCH[41] -> PLCC: 0.902752, SROCC: 0.838049, KROCC: 0.655427, LOSS: 0.184822
2026-08-20 13:40:19,482 [INFO] Align: EPOCH[41] -> PLCC: 0.829967, SROCC: 0.652979, KROCC: 0.481228, LOSS: 0.301244
2026-08-20 13:40:19,483 [INFO] Start training
2026-08-20 13:40:19,820 [INFO] Start training epoch 42, 49 iters per inner epoch.
2026-08-20 13:40:40,516 [INFO] Averaged stats: lr: 0.000007  loss: 0.021367
2026-08-20 13:40:40,630 [INFO] Evaluating on val.
Train: data epoch: [42]  [ 0/49]  eta: 0:01:03  lr: 0.000007  loss: 0.0176  time: 1.2937  data: 0.0001  max mem: 14155
Train: data epoch: [42]  [20/49]  eta: 0:00:12  lr: 0.000007  loss: 0.0286  time: 0.4041  data: 0.0000  max mem: 14155
Train: data epoch: [42]  [40/49]  eta: 0:00:03  lr: 0.000007  loss: 0.0245  time: 0.4038  data: 0.0000  max mem: 14155
Train: data epoch: [42]  [48/49]  eta: 0:00:00  lr: 0.000007  loss: 0.0205  time: 0.4044  data: 0.0000  max mem: 14155
Train: data epoch: [42] Total time: 0:00:20 (0.4224 s / it)
2026-08-20 13:40:44,971 [INFO] Qual: EPOCH[42] -> PLCC: 0.898238, SROCC: 0.835727, KROCC: 0.652614, LOSS: 0.191430
2026-08-20 13:40:44,971 [INFO] Align: EPOCH[42] -> PLCC: 0.826999, SROCC: 0.657384, KROCC: 0.485555, LOSS: 0.315943
2026-08-20 13:40:44,972 [INFO] Start training
2026-08-20 13:40:45,296 [INFO] Start training epoch 43, 49 iters per inner epoch.
2026-08-20 13:41:06,729 [INFO] Averaged stats: lr: 0.000006  loss: 0.023221
2026-08-20 13:41:06,839 [INFO] Evaluating on val.
Train: data epoch: [43]  [ 0/49]  eta: 0:01:39  lr: 0.000006  loss: 0.0260  time: 2.0217  data: 0.0001  max mem: 14155
Train: data epoch: [43]  [20/49]  eta: 0:00:13  lr: 0.000006  loss: 0.0289  time: 0.4054  data: 0.0000  max mem: 14155
Train: data epoch: [43]  [40/49]  eta: 0:00:03  lr: 0.000006  loss: 0.0136  time: 0.4037  data: 0.0000  max mem: 14155
Train: data epoch: [43]  [48/49]  eta: 0:00:00  lr: 0.000006  loss: 0.0218  time: 0.4035  data: 0.0000  max mem: 14155
Train: data epoch: [43] Total time: 0:00:21 (0.4374 s / it)
2026-08-20 13:41:11,340 [INFO] Qual: EPOCH[43] -> PLCC: 0.901226, SROCC: 0.842047, KROCC: 0.658845, LOSS: 0.195231
2026-08-20 13:41:11,340 [INFO] Align: EPOCH[43] -> PLCC: 0.823708, SROCC: 0.658628, KROCC: 0.485633, LOSS: 0.315685
2026-08-20 13:41:11,341 [INFO] Start training
2026-08-20 13:41:11,696 [INFO] Start training epoch 44, 49 iters per inner epoch.
2026-08-20 13:41:33,222 [INFO] Averaged stats: lr: 0.000006  loss: 0.022577
2026-08-20 13:41:33,334 [INFO] Evaluating on val.
Train: data epoch: [44]  [ 0/49]  eta: 0:01:41  lr: 0.000006  loss: 0.0266  time: 2.0740  data: 0.0001  max mem: 14155
Train: data epoch: [44]  [20/49]  eta: 0:00:14  lr: 0.000006  loss: 0.0258  time: 0.4057  data: 0.0000  max mem: 14155
Train: data epoch: [44]  [40/49]  eta: 0:00:04  lr: 0.000006  loss: 0.0321  time: 0.4053  data: 0.0000  max mem: 14155
Train: data epoch: [44]  [48/49]  eta: 0:00:00  lr: 0.000006  loss: 0.0195  time: 0.4053  data: 0.0000  max mem: 14155
Train: data epoch: [44] Total time: 0:00:21 (0.4393 s / it)
2026-08-20 13:41:37,676 [INFO] Qual: EPOCH[44] -> PLCC: 0.900874, SROCC: 0.838966, KROCC: 0.655561, LOSS: 0.187290
2026-08-20 13:41:37,676 [INFO] Align: EPOCH[44] -> PLCC: 0.824688, SROCC: 0.652956, KROCC: 0.480847, LOSS: 0.313646
2026-08-20 13:41:37,677 [INFO] Start training
2026-08-20 13:41:37,983 [INFO] Start training epoch 45, 49 iters per inner epoch.
2026-08-20 13:41:59,431 [INFO] Averaged stats: lr: 0.000006  loss: 0.020224
2026-08-20 13:41:59,559 [INFO] Evaluating on val.
Train: data epoch: [45]  [ 0/49]  eta: 0:01:34  lr: 0.000006  loss: 0.0165  time: 1.9191  data: 0.0001  max mem: 14155
Train: data epoch: [45]  [20/49]  eta: 0:00:13  lr: 0.000006  loss: 0.0151  time: 0.4089  data: 0.0000  max mem: 14155
Train: data epoch: [45]  [40/49]  eta: 0:00:03  lr: 0.000006  loss: 0.0138  time: 0.4049  data: 0.0000  max mem: 14155
Train: data epoch: [45]  [48/49]  eta: 0:00:00  lr: 0.000006  loss: 0.0170  time: 0.4060  data: 0.0000  max mem: 14155
Train: data epoch: [45] Total time: 0:00:21 (0.4377 s / it)
2026-08-20 13:42:03,951 [INFO] Qual: EPOCH[45] -> PLCC: 0.902582, SROCC: 0.842187, KROCC: 0.660795, LOSS: 0.188105
2026-08-20 13:42:03,951 [INFO] Align: EPOCH[45] -> PLCC: 0.827749, SROCC: 0.657790, KROCC: 0.485297, LOSS: 0.306239
2026-08-20 13:42:03,965 [INFO] Saving checkpoint at epoch 45 to run/20260820132_B4_full/checkpoint_best.pth.
2026-08-20 13:42:04,944 [INFO] Start training
2026-08-20 13:42:05,338 [INFO] Start training epoch 46, 49 iters per inner epoch.
2026-08-20 13:42:26,225 [INFO] Averaged stats: lr: 0.000006  loss: 0.020306
2026-08-20 13:42:26,318 [INFO] Evaluating on val.
Train: data epoch: [46]  [ 0/49]  eta: 0:01:13  lr: 0.000006  loss: 0.0170  time: 1.5076  data: 0.0001  max mem: 14155
Train: data epoch: [46]  [20/49]  eta: 0:00:13  lr: 0.000006  loss: 0.0430  time: 0.4036  data: 0.0000  max mem: 14155
Train: data epoch: [46]  [40/49]  eta: 0:00:03  lr: 0.000006  loss: 0.0205  time: 0.4038  data: 0.0000  max mem: 14155
Train: data epoch: [46]  [48/49]  eta: 0:00:00  lr: 0.000006  loss: 0.0148  time: 0.4036  data: 0.0000  max mem: 14155
Train: data epoch: [46] Total time: 0:00:20 (0.4262 s / it)
2026-08-20 13:42:31,015 [INFO] Qual: EPOCH[46] -> PLCC: 0.900980, SROCC: 0.842883, KROCC: 0.661950, LOSS: 0.199098
2026-08-20 13:42:31,015 [INFO] Align: EPOCH[46] -> PLCC: 0.826766, SROCC: 0.659775, KROCC: 0.486227, LOSS: 0.309736
2026-08-20 13:42:31,015 [INFO] Start training
2026-08-20 13:42:31,329 [INFO] Start training epoch 47, 49 iters per inner epoch.
2026-08-20 13:42:52,277 [INFO] Averaged stats: lr: 0.000006  loss: 0.018592
2026-08-20 13:42:52,412 [INFO] Evaluating on val.
Train: data epoch: [47]  [ 0/49]  eta: 0:01:09  lr: 0.000006  loss: 0.0128  time: 1.4244  data: 0.0001  max mem: 14155
Train: data epoch: [47]  [20/49]  eta: 0:00:13  lr: 0.000006  loss: 0.0240  time: 0.4089  data: 0.0000  max mem: 14155
Train: data epoch: [47]  [40/49]  eta: 0:00:03  lr: 0.000006  loss: 0.0182  time: 0.4042  data: 0.0000  max mem: 14155
Train: data epoch: [47]  [48/49]  eta: 0:00:00  lr: 0.000006  loss: 0.0139  time: 0.4053  data: 0.0000  max mem: 14155
Train: data epoch: [47] Total time: 0:00:20 (0.4275 s / it)
2026-08-20 13:42:57,474 [INFO] Qual: EPOCH[47] -> PLCC: 0.901420, SROCC: 0.843456, KROCC: 0.661199, LOSS: 0.189758
2026-08-20 13:42:57,474 [INFO] Align: EPOCH[47] -> PLCC: 0.829713, SROCC: 0.664370, KROCC: 0.491383, LOSS: 0.301735
2026-08-20 13:42:57,485 [INFO] Saving checkpoint at epoch 47 to run/20260820132_B4_full/checkpoint_best.pth.
2026-08-20 13:42:58,394 [INFO] Start training
2026-08-20 13:42:58,766 [INFO] Start training epoch 48, 49 iters per inner epoch.
2026-08-20 13:43:20,156 [INFO] Averaged stats: lr: 0.000006  loss: 0.022233
2026-08-20 13:43:20,267 [INFO] Evaluating on val.
Train: data epoch: [48]  [ 0/49]  eta: 0:01:34  lr: 0.000006  loss: 0.0122  time: 1.9217  data: 0.0001  max mem: 14155
Train: data epoch: [48]  [20/49]  eta: 0:00:13  lr: 0.000006  loss: 0.0398  time: 0.4062  data: 0.0000  max mem: 14155
Train: data epoch: [48]  [40/49]  eta: 0:00:03  lr: 0.000006  loss: 0.0218  time: 0.4054  data: 0.0000  max mem: 14155
Train: data epoch: [48]  [48/49]  eta: 0:00:00  lr: 0.000006  loss: 0.0222  time: 0.4044  data: 0.0000  max mem: 14155
Train: data epoch: [48] Total time: 0:00:21 (0.4365 s / it)
2026-08-20 13:43:24,695 [INFO] Qual: EPOCH[48] -> PLCC: 0.901314, SROCC: 0.841786, KROCC: 0.659686, LOSS: 0.188774
2026-08-20 13:43:24,695 [INFO] Align: EPOCH[48] -> PLCC: 0.822980, SROCC: 0.647451, KROCC: 0.475131, LOSS: 0.313740
2026-08-20 13:43:24,696 [INFO] Start training
2026-08-20 13:43:25,027 [INFO] Start training epoch 49, 49 iters per inner epoch.
2026-08-20 13:43:45,849 [INFO] Averaged stats: lr: 0.000006  loss: 0.018272
2026-08-20 13:43:45,959 [INFO] Evaluating on val.
Train: data epoch: [49]  [ 0/49]  eta: 0:01:07  lr: 0.000006  loss: 0.0189  time: 1.3735  data: 0.0001  max mem: 14155
Train: data epoch: [49]  [20/49]  eta: 0:00:13  lr: 0.000006  loss: 0.0198  time: 0.4071  data: 0.0000  max mem: 14155
Train: data epoch: [49]  [40/49]  eta: 0:00:03  lr: 0.000006  loss: 0.0193  time: 0.4039  data: 0.0000  max mem: 14155
Train: data epoch: [49]  [48/49]  eta: 0:00:00  lr: 0.000006  loss: 0.0125  time: 0.4032  data: 0.0000  max mem: 14155
Train: data epoch: [49] Total time: 0:00:20 (0.4249 s / it)
2026-08-20 13:43:50,420 [INFO] Qual: EPOCH[49] -> PLCC: 0.902491, SROCC: 0.843177, KROCC: 0.658845, LOSS: 0.190130
2026-08-20 13:43:50,420 [INFO] Align: EPOCH[49] -> PLCC: 0.824966, SROCC: 0.653126, KROCC: 0.481240, LOSS: 0.309267
2026-08-20 13:43:50,432 [INFO] Saving checkpoint at epoch 49 to run/20260820132_B4_full/checkpoint_best.pth.
2026-08-20 13:43:51,312 [INFO] Start training
2026-08-20 13:43:51,640 [INFO] Start training epoch 50, 49 iters per inner epoch.
2026-08-20 13:44:12,935 [INFO] Averaged stats: lr: 0.000006  loss: 0.020909
2026-08-20 13:44:13,067 [INFO] Evaluating on val.
Train: data epoch: [50]  [ 0/49]  eta: 0:01:33  lr: 0.000005  loss: 0.0233  time: 1.9023  data: 0.0001  max mem: 14155
Train: data epoch: [50]  [20/49]  eta: 0:00:13  lr: 0.000005  loss: 0.0218  time: 0.4037  data: 0.0000  max mem: 14155
Train: data epoch: [50]  [40/49]  eta: 0:00:03  lr: 0.000005  loss: 0.0178  time: 0.4038  data: 0.0000  max mem: 14155
Train: data epoch: [50]  [48/49]  eta: 0:00:00  lr: 0.000005  loss: 0.0230  time: 0.4044  data: 0.0000  max mem: 14155
Train: data epoch: [50] Total time: 0:00:21 (0.4346 s / it)
2026-08-20 13:44:17,601 [INFO] Qual: EPOCH[50] -> PLCC: 0.903315, SROCC: 0.841606, KROCC: 0.658711, LOSS: 0.182886
2026-08-20 13:44:17,601 [INFO] Align: EPOCH[50] -> PLCC: 0.825279, SROCC: 0.655792, KROCC: 0.483134, LOSS: 0.314844
2026-08-20 13:44:17,617 [INFO] Saving checkpoint at epoch 50 to run/20260820132_B4_full/checkpoint_latest.pth.
2026-08-20 13:44:18,631 [INFO] Start training
2026-08-20 13:44:19,006 [INFO] Start training epoch 51, 49 iters per inner epoch.
2026-08-20 13:44:40,045 [INFO] Averaged stats: lr: 0.000005  loss: 0.017639
2026-08-20 13:44:40,145 [INFO] Evaluating on val.
Train: data epoch: [51]  [ 0/49]  eta: 0:01:17  lr: 0.000005  loss: 0.0144  time: 1.5728  data: 0.0001  max mem: 14155
Train: data epoch: [51]  [20/49]  eta: 0:00:13  lr: 0.000005  loss: 0.0131  time: 0.4069  data: 0.0000  max mem: 14155
Train: data epoch: [51]  [40/49]  eta: 0:00:03  lr: 0.000005  loss: 0.0111  time: 0.4047  data: 0.0000  max mem: 14155
Train: data epoch: [51]  [48/49]  eta: 0:00:00  lr: 0.000005  loss: 0.0258  time: 0.4035  data: 0.0000  max mem: 14155
Train: data epoch: [51] Total time: 0:00:21 (0.4293 s / it)
2026-08-20 13:44:44,723 [INFO] Qual: EPOCH[51] -> PLCC: 0.902018, SROCC: 0.839488, KROCC: 0.656357, LOSS: 0.184890
2026-08-20 13:44:44,724 [INFO] Align: EPOCH[51] -> PLCC: 0.822940, SROCC: 0.649298, KROCC: 0.477351, LOSS: 0.314301
2026-08-20 13:44:44,724 [INFO] Start training
2026-08-20 13:44:45,042 [INFO] Start training epoch 52, 49 iters per inner epoch.
2026-08-20 13:45:06,612 [INFO] Averaged stats: lr: 0.000005  loss: 0.017918
2026-08-20 13:45:06,739 [INFO] Evaluating on val.
Train: data epoch: [52]  [ 0/49]  eta: 0:01:42  lr: 0.000005  loss: 0.0169  time: 2.0898  data: 0.0001  max mem: 14155
Train: data epoch: [52]  [20/49]  eta: 0:00:14  lr: 0.000005  loss: 0.0161  time: 0.4069  data: 0.0000  max mem: 14155
Train: data epoch: [52]  [40/49]  eta: 0:00:04  lr: 0.000005  loss: 0.0110  time: 0.4054  data: 0.0000  max mem: 14155
Train: data epoch: [52]  [48/49]  eta: 0:00:00  lr: 0.000005  loss: 0.0156  time: 0.4038  data: 0.0000  max mem: 14155
Train: data epoch: [52] Total time: 0:00:21 (0.4402 s / it)
2026-08-20 13:45:11,011 [INFO] Qual: EPOCH[52] -> PLCC: 0.902165, SROCC: 0.839800, KROCC: 0.658363, LOSS: 0.194470
2026-08-20 13:45:11,011 [INFO] Align: EPOCH[52] -> PLCC: 0.825736, SROCC: 0.656768, KROCC: 0.484131, LOSS: 0.308111
2026-08-20 13:45:11,012 [INFO] Start training
2026-08-20 13:45:11,363 [INFO] Start training epoch 53, 49 iters per inner epoch.
2026-08-20 13:45:32,297 [INFO] Averaged stats: lr: 0.000005  loss: 0.018757
2026-08-20 13:45:32,422 [INFO] Evaluating on val.
Train: data epoch: [53]  [ 0/49]  eta: 0:00:54  lr: 0.000005  loss: 0.0162  time: 1.1174  data: 0.0001  max mem: 14155
Train: data epoch: [53]  [20/49]  eta: 0:00:13  lr: 0.000005  loss: 0.0250  time: 0.4235  data: 0.0000  max mem: 14155
Train: data epoch: [53]  [40/49]  eta: 0:00:03  lr: 0.000005  loss: 0.0225  time: 0.4059  data: 0.0000  max mem: 14155
Train: data epoch: [53]  [48/49]  eta: 0:00:00  lr: 0.000005  loss: 0.0135  time: 0.4059  data: 0.0000  max mem: 14155
Train: data epoch: [53] Total time: 0:00:20 (0.4272 s / it)
2026-08-20 13:45:36,886 [INFO] Qual: EPOCH[53] -> PLCC: 0.900228, SROCC: 0.836508, KROCC: 0.653701, LOSS: 0.187814
2026-08-20 13:45:36,886 [INFO] Align: EPOCH[53] -> PLCC: 0.827587, SROCC: 0.658051, KROCC: 0.485274, LOSS: 0.317074
2026-08-20 13:45:36,887 [INFO] Start training
2026-08-20 13:45:37,237 [INFO] Start training epoch 54, 49 iters per inner epoch.
2026-08-20 13:45:58,493 [INFO] Averaged stats: lr: 0.000005  loss: 0.016460
2026-08-20 13:45:58,614 [INFO] Evaluating on val.
Train: data epoch: [54]  [ 0/49]  eta: 0:01:08  lr: 0.000005  loss: 0.0169  time: 1.3935  data: 0.0002  max mem: 14155
Train: data epoch: [54]  [20/49]  eta: 0:00:13  lr: 0.000005  loss: 0.0149  time: 0.4263  data: 0.0000  max mem: 14155
Train: data epoch: [54]  [40/49]  eta: 0:00:03  lr: 0.000005  loss: 0.0129  time: 0.4051  data: 0.0000  max mem: 14155
Train: data epoch: [54]  [48/49]  eta: 0:00:00  lr: 0.000005  loss: 0.0146  time: 0.4052  data: 0.0000  max mem: 14155
Train: data epoch: [54] Total time: 0:00:21 (0.4338 s / it)
2026-08-20 13:46:03,029 [INFO] Qual: EPOCH[54] -> PLCC: 0.902674, SROCC: 0.841970, KROCC: 0.659761, LOSS: 0.187200
2026-08-20 13:46:03,030 [INFO] Align: EPOCH[54] -> PLCC: 0.828895, SROCC: 0.663327, KROCC: 0.490094, LOSS: 0.320235
2026-08-20 13:46:03,031 [INFO] Start training
2026-08-20 13:46:03,363 [INFO] Start training epoch 55, 49 iters per inner epoch.
2026-08-20 13:46:24,251 [INFO] Averaged stats: lr: 0.000005  loss: 0.017263
2026-08-20 13:46:24,369 [INFO] Evaluating on val.
Train: data epoch: [55]  [ 0/49]  eta: 0:00:59  lr: 0.000005  loss: 0.0110  time: 1.2097  data: 0.0001  max mem: 14155
Train: data epoch: [55]  [20/49]  eta: 0:00:13  lr: 0.000005  loss: 0.0141  time: 0.4134  data: 0.0000  max mem: 14155
Train: data epoch: [55]  [40/49]  eta: 0:00:03  lr: 0.000005  loss: 0.0174  time: 0.4075  data: 0.0000  max mem: 14155
Train: data epoch: [55]  [48/49]  eta: 0:00:00  lr: 0.000005  loss: 0.0128  time: 0.4080  data: 0.0000  max mem: 14155
Train: data epoch: [55] Total time: 0:00:20 (0.4263 s / it)
2026-08-20 13:46:28,938 [INFO] Qual: EPOCH[55] -> PLCC: 0.902401, SROCC: 0.841503, KROCC: 0.658251, LOSS: 0.186882
2026-08-20 13:46:28,938 [INFO] Align: EPOCH[55] -> PLCC: 0.831965, SROCC: 0.665072, KROCC: 0.491618, LOSS: 0.314718
2026-08-20 13:46:28,950 [INFO] Saving checkpoint at epoch 55 to run/20260820132_B4_full/checkpoint_latest.pth.
2026-08-20 13:46:29,833 [INFO] Start training
2026-08-20 13:46:30,199 [INFO] Start training epoch 56, 49 iters per inner epoch.
2026-08-20 13:46:51,581 [INFO] Averaged stats: lr: 0.000005  loss: 0.017224
2026-08-20 13:46:51,664 [INFO] Evaluating on val.
Train: data epoch: [56]  [ 0/49]  eta: 0:01:35  lr: 0.000005  loss: 0.0114  time: 1.9470  data: 0.0001  max mem: 14155
Train: data epoch: [56]  [20/49]  eta: 0:00:13  lr: 0.000005  loss: 0.0164  time: 0.4066  data: 0.0000  max mem: 14155
Train: data epoch: [56]  [40/49]  eta: 0:00:03  lr: 0.000005  loss: 0.0317  time: 0.4037  data: 0.0000  max mem: 14155
Train: data epoch: [56]  [48/49]  eta: 0:00:00  lr: 0.000005  loss: 0.0267  time: 0.4036  data: 0.0000  max mem: 14155
Train: data epoch: [56] Total time: 0:00:21 (0.4364 s / it)
2026-08-20 13:46:55,983 [INFO] Qual: EPOCH[56] -> PLCC: 0.901234, SROCC: 0.836538, KROCC: 0.652804, LOSS: 0.212911
2026-08-20 13:46:55,983 [INFO] Align: EPOCH[56] -> PLCC: 0.828104, SROCC: 0.658480, KROCC: 0.485398, LOSS: 0.309511
2026-08-20 13:46:55,984 [INFO] Start training
2026-08-20 13:46:56,337 [INFO] Start training epoch 57, 49 iters per inner epoch.
2026-08-20 13:47:17,283 [INFO] Averaged stats: lr: 0.000005  loss: 0.020192
2026-08-20 13:47:17,388 [INFO] Evaluating on val.
Train: data epoch: [57]  [ 0/49]  eta: 0:01:13  lr: 0.000005  loss: 0.0230  time: 1.5077  data: 0.0001  max mem: 14155
Train: data epoch: [57]  [20/49]  eta: 0:00:13  lr: 0.000005  loss: 0.0112  time: 0.4068  data: 0.0000  max mem: 14155
Train: data epoch: [57]  [40/49]  eta: 0:00:03  lr: 0.000005  loss: 0.0108  time: 0.4035  data: 0.0000  max mem: 14155
Train: data epoch: [57]  [48/49]  eta: 0:00:00  lr: 0.000005  loss: 0.0277  time: 0.4036  data: 0.0000  max mem: 14155
Train: data epoch: [57] Total time: 0:00:20 (0.4275 s / it)
2026-08-20 13:47:21,830 [INFO] Qual: EPOCH[57] -> PLCC: 0.900600, SROCC: 0.842085, KROCC: 0.658520, LOSS: 0.216858
2026-08-20 13:47:21,830 [INFO] Align: EPOCH[57] -> PLCC: 0.825246, SROCC: 0.653734, KROCC: 0.480477, LOSS: 0.323344
2026-08-20 13:47:21,831 [INFO] Start training
2026-08-20 13:47:22,149 [INFO] Start training epoch 58, 49 iters per inner epoch.
2026-08-20 13:47:43,254 [INFO] Averaged stats: lr: 0.000004  loss: 0.016518
2026-08-20 13:47:43,372 [INFO] Evaluating on val.
Train: data epoch: [58]  [ 0/49]  eta: 0:01:21  lr: 0.000004  loss: 0.0150  time: 1.6627  data: 0.0002  max mem: 14155
Train: data epoch: [58]  [20/49]  eta: 0:00:13  lr: 0.000004  loss: 0.0189  time: 0.4050  data: 0.0000  max mem: 14155
Train: data epoch: [58]  [40/49]  eta: 0:00:03  lr: 0.000004  loss: 0.0269  time: 0.4037  data: 0.0000  max mem: 14155
Train: data epoch: [58]  [48/49]  eta: 0:00:00  lr: 0.000004  loss: 0.0110  time: 0.4053  data: 0.0000  max mem: 14155
Train: data epoch: [58] Total time: 0:00:21 (0.4307 s / it)
2026-08-20 13:47:47,869 [INFO] Qual: EPOCH[58] -> PLCC: 0.900687, SROCC: 0.838422, KROCC: 0.655550, LOSS: 0.194354
2026-08-20 13:47:47,869 [INFO] Align: EPOCH[58] -> PLCC: 0.826594, SROCC: 0.654884, KROCC: 0.482103, LOSS: 0.317170
2026-08-20 13:47:47,870 [INFO] Start training
2026-08-20 13:47:48,223 [INFO] Start training epoch 59, 49 iters per inner epoch.
2026-08-20 13:48:09,430 [INFO] Averaged stats: lr: 0.000004  loss: 0.016043
2026-08-20 13:48:09,547 [INFO] Evaluating on val.
Train: data epoch: [59]  [ 0/49]  eta: 0:01:22  lr: 0.000004  loss: 0.0129  time: 1.6861  data: 0.0001  max mem: 14155
Train: data epoch: [59]  [20/49]  eta: 0:00:13  lr: 0.000004  loss: 0.0103  time: 0.4094  data: 0.0000  max mem: 14155
Train: data epoch: [59]  [40/49]  eta: 0:00:03  lr: 0.000004  loss: 0.0236  time: 0.4051  data: 0.0000  max mem: 14155
Train: data epoch: [59]  [48/49]  eta: 0:00:00  lr: 0.000004  loss: 0.0124  time: 0.4034  data: 0.0000  max mem: 14155
Train: data epoch: [59] Total time: 0:00:21 (0.4328 s / it)
2026-08-20 13:48:14,068 [INFO] Qual: EPOCH[59] -> PLCC: 0.902751, SROCC: 0.841700, KROCC: 0.660616, LOSS: 0.191340
2026-08-20 13:48:14,068 [INFO] Align: EPOCH[59] -> PLCC: 0.826318, SROCC: 0.658411, KROCC: 0.486014, LOSS: 0.314018
2026-08-20 13:48:14,069 [INFO] Start training
2026-08-20 13:48:14,388 [INFO] Start training epoch 60, 49 iters per inner epoch.
2026-08-20 13:48:36,011 [INFO] Averaged stats: lr: 0.000004  loss: 0.015717
2026-08-20 13:48:36,145 [INFO] Evaluating on val.
Train: data epoch: [60]  [ 0/49]  eta: 0:01:44  lr: 0.000004  loss: 0.0185  time: 2.1367  data: 0.0001  max mem: 14155
Train: data epoch: [60]  [20/49]  eta: 0:00:14  lr: 0.000004  loss: 0.0109  time: 0.4078  data: 0.0000  max mem: 14155
Train: data epoch: [60]  [40/49]  eta: 0:00:04  lr: 0.000004  loss: 0.0175  time: 0.4038  data: 0.0000  max mem: 14155
Train: data epoch: [60]  [48/49]  eta: 0:00:00  lr: 0.000004  loss: 0.0251  time: 0.4049  data: 0.0000  max mem: 14155
Train: data epoch: [60] Total time: 0:00:21 (0.4413 s / it)
2026-08-20 13:48:40,556 [INFO] Qual: EPOCH[60] -> PLCC: 0.903941, SROCC: 0.841790, KROCC: 0.660101, LOSS: 0.184093
2026-08-20 13:48:40,556 [INFO] Align: EPOCH[60] -> PLCC: 0.827095, SROCC: 0.663126, KROCC: 0.490150, LOSS: 0.318974
2026-08-20 13:48:40,570 [INFO] Saving checkpoint at epoch 60 to run/20260820132_B4_full/checkpoint_best.pth.
2026-08-20 13:48:41,550 [INFO] Start training
2026-08-20 13:48:41,919 [INFO] Start training epoch 61, 49 iters per inner epoch.
2026-08-20 13:49:02,596 [INFO] Averaged stats: lr: 0.000004  loss: 0.017084
2026-08-20 13:49:02,703 [INFO] Evaluating on val.
Train: data epoch: [61]  [ 0/49]  eta: 0:00:59  lr: 0.000004  loss: 0.0136  time: 1.2207  data: 0.0001  max mem: 14155
Train: data epoch: [61]  [20/49]  eta: 0:00:12  lr: 0.000004  loss: 0.0183  time: 0.4068  data: 0.0000  max mem: 14155
Train: data epoch: [61]  [40/49]  eta: 0:00:03  lr: 0.000004  loss: 0.0205  time: 0.4040  data: 0.0000  max mem: 14155
Train: data epoch: [61]  [48/49]  eta: 0:00:00  lr: 0.000004  loss: 0.0173  time: 0.4041  data: 0.0000  max mem: 14155
Train: data epoch: [61] Total time: 0:00:20 (0.4220 s / it)
2026-08-20 13:49:07,112 [INFO] Qual: EPOCH[61] -> PLCC: 0.903731, SROCC: 0.843794, KROCC: 0.660426, LOSS: 0.198869
2026-08-20 13:49:07,112 [INFO] Align: EPOCH[61] -> PLCC: 0.831137, SROCC: 0.667214, KROCC: 0.492970, LOSS: 0.318050
2026-08-20 13:49:07,127 [INFO] Saving checkpoint at epoch 61 to run/20260820132_B4_full/checkpoint_best.pth.
2026-08-20 13:49:07,969 [INFO] Start training
2026-08-20 13:49:08,333 [INFO] Start training epoch 62, 49 iters per inner epoch.
2026-08-20 13:49:29,696 [INFO] Averaged stats: lr: 0.000004  loss: 0.017856
2026-08-20 13:49:29,815 [INFO] Evaluating on val.
Train: data epoch: [62]  [ 0/49]  eta: 0:01:30  lr: 0.000004  loss: 0.0200  time: 1.8432  data: 0.0001  max mem: 14155
Train: data epoch: [62]  [20/49]  eta: 0:00:13  lr: 0.000004  loss: 0.0246  time: 0.4071  data: 0.0000  max mem: 14155
Train: data epoch: [62]  [40/49]  eta: 0:00:03  lr: 0.000004  loss: 0.0181  time: 0.4047  data: 0.0000  max mem: 14155
Train: data epoch: [62]  [48/49]  eta: 0:00:00  lr: 0.000004  loss: 0.0124  time: 0.4064  data: 0.0000  max mem: 14155
Train: data epoch: [62] Total time: 0:00:21 (0.4360 s / it)
2026-08-20 13:49:34,234 [INFO] Qual: EPOCH[62] -> PLCC: 0.902425, SROCC: 0.841505, KROCC: 0.657668, LOSS: 0.185648
2026-08-20 13:49:34,234 [INFO] Align: EPOCH[62] -> PLCC: 0.828791, SROCC: 0.660819, KROCC: 0.488211, LOSS: 0.308603
2026-08-20 13:49:34,235 [INFO] Start training
2026-08-20 13:49:34,600 [INFO] Start training epoch 63, 49 iters per inner epoch.
2026-08-20 13:49:55,805 [INFO] Averaged stats: lr: 0.000004  loss: 0.015328
2026-08-20 13:49:55,904 [INFO] Evaluating on val.
Train: data epoch: [63]  [ 0/49]  eta: 0:01:26  lr: 0.000004  loss: 0.0211  time: 1.7701  data: 0.0001  max mem: 14155
Train: data epoch: [63]  [20/49]  eta: 0:00:13  lr: 0.000004  loss: 0.0237  time: 0.4059  data: 0.0000  max mem: 14155
Train: data epoch: [63]  [40/49]  eta: 0:00:03  lr: 0.000004  loss: 0.0155  time: 0.4041  data: 0.0000  max mem: 14155
Train: data epoch: [63]  [48/49]  eta: 0:00:00  lr: 0.000004  loss: 0.0216  time: 0.4042  data: 0.0000  max mem: 14155
Train: data epoch: [63] Total time: 0:00:21 (0.4327 s / it)
2026-08-20 13:50:00,410 [INFO] Qual: EPOCH[63] -> PLCC: 0.902987, SROCC: 0.843218, KROCC: 0.660627, LOSS: 0.189966
2026-08-20 13:50:00,410 [INFO] Align: EPOCH[63] -> PLCC: 0.825983, SROCC: 0.656593, KROCC: 0.483929, LOSS: 0.306225
2026-08-20 13:50:00,411 [INFO] Start training
2026-08-20 13:50:00,763 [INFO] Start training epoch 64, 49 iters per inner epoch.
2026-08-20 13:50:22,071 [INFO] Averaged stats: lr: 0.000004  loss: 0.013887
2026-08-20 13:50:22,185 [INFO] Evaluating on val.
Train: data epoch: [64]  [ 0/49]  eta: 0:01:30  lr: 0.000004  loss: 0.0171  time: 1.8519  data: 0.0001  max mem: 14155
Train: data epoch: [64]  [20/49]  eta: 0:00:13  lr: 0.000004  loss: 0.0138  time: 0.4058  data: 0.0000  max mem: 14155
Train: data epoch: [64]  [40/49]  eta: 0:00:03  lr: 0.000004  loss: 0.0169  time: 0.4056  data: 0.0000  max mem: 14155
Train: data epoch: [64]  [48/49]  eta: 0:00:00  lr: 0.000004  loss: 0.0271  time: 0.4049  data: 0.0000  max mem: 14155
Train: data epoch: [64] Total time: 0:00:21 (0.4349 s / it)
2026-08-20 13:50:26,874 [INFO] Qual: EPOCH[64] -> PLCC: 0.901079, SROCC: 0.837080, KROCC: 0.654900, LOSS: 0.193695
2026-08-20 13:50:26,875 [INFO] Align: EPOCH[64] -> PLCC: 0.828718, SROCC: 0.662119, KROCC: 0.488682, LOSS: 0.315935
2026-08-20 13:50:26,875 [INFO] Start training
2026-08-20 13:50:27,190 [INFO] Start training epoch 65, 49 iters per inner epoch.
2026-08-20 13:50:48,719 [INFO] Averaged stats: lr: 0.000003  loss: 0.016184
2026-08-20 13:50:48,839 [INFO] Evaluating on val.
Train: data epoch: [65]  [ 0/49]  eta: 0:01:41  lr: 0.000003  loss: 0.0144  time: 2.0728  data: 0.0001  max mem: 14155
Train: data epoch: [65]  [20/49]  eta: 0:00:14  lr: 0.000003  loss: 0.0279  time: 0.4043  data: 0.0000  max mem: 14155
Train: data epoch: [65]  [40/49]  eta: 0:00:04  lr: 0.000003  loss: 0.0142  time: 0.4051  data: 0.0000  max mem: 14155
Train: data epoch: [65]  [48/49]  eta: 0:00:00  lr: 0.000003  loss: 0.0151  time: 0.4066  data: 0.0000  max mem: 14155
Train: data epoch: [65] Total time: 0:00:21 (0.4394 s / it)
2026-08-20 13:50:53,288 [INFO] Qual: EPOCH[65] -> PLCC: 0.904294, SROCC: 0.845310, KROCC: 0.662466, LOSS: 0.179547
2026-08-20 13:50:53,288 [INFO] Align: EPOCH[65] -> PLCC: 0.828716, SROCC: 0.663161, KROCC: 0.490531, LOSS: 0.305764
2026-08-20 13:50:53,301 [INFO] Saving checkpoint at epoch 65 to run/20260820132_B4_full/checkpoint_best.pth.
2026-08-20 13:50:54,142 [INFO] Start training
2026-08-20 13:50:54,526 [INFO] Start training epoch 66, 49 iters per inner epoch.
2026-08-20 13:51:15,377 [INFO] Averaged stats: lr: 0.000003  loss: 0.015120
2026-08-20 13:51:15,471 [INFO] Evaluating on val.
Train: data epoch: [66]  [ 0/49]  eta: 0:01:09  lr: 0.000003  loss: 0.0198  time: 1.4107  data: 0.0001  max mem: 14155
Train: data epoch: [66]  [20/49]  eta: 0:00:13  lr: 0.000003  loss: 0.0133  time: 0.4066  data: 0.0000  max mem: 14155
Train: data epoch: [66]  [40/49]  eta: 0:00:03  lr: 0.000003  loss: 0.0107  time: 0.4039  data: 0.0000  max mem: 14155
Train: data epoch: [66]  [48/49]  eta: 0:00:00  lr: 0.000003  loss: 0.0143  time: 0.4038  data: 0.0000  max mem: 14155
Train: data epoch: [66] Total time: 0:00:20 (0.4255 s / it)
2026-08-20 13:51:20,278 [INFO] Qual: EPOCH[66] -> PLCC: 0.903225, SROCC: 0.843561, KROCC: 0.660078, LOSS: 0.184745
2026-08-20 13:51:20,278 [INFO] Align: EPOCH[66] -> PLCC: 0.825704, SROCC: 0.657843, KROCC: 0.484949, LOSS: 0.311611
2026-08-20 13:51:20,279 [INFO] Start training
2026-08-20 13:51:20,629 [INFO] Start training epoch 67, 49 iters per inner epoch.
2026-08-20 13:51:42,065 [INFO] Averaged stats: lr: 0.000003  loss: 0.014153
2026-08-20 13:51:42,179 [INFO] Evaluating on val.
Train: data epoch: [67]  [ 0/49]  eta: 0:01:39  lr: 0.000003  loss: 0.0088  time: 2.0284  data: 0.0001  max mem: 14155
Train: data epoch: [67]  [20/49]  eta: 0:00:14  lr: 0.000003  loss: 0.0153  time: 0.4059  data: 0.0000  max mem: 14155
Train: data epoch: [67]  [40/49]  eta: 0:00:03  lr: 0.000003  loss: 0.0176  time: 0.4032  data: 0.0000  max mem: 14155
Train: data epoch: [67]  [48/49]  eta: 0:00:00  lr: 0.000003  loss: 0.0092  time: 0.4030  data: 0.0000  max mem: 14155
Train: data epoch: [67] Total time: 0:00:21 (0.4375 s / it)
2026-08-20 13:51:46,359 [INFO] Qual: EPOCH[67] -> PLCC: 0.904816, SROCC: 0.845127, KROCC: 0.663754, LOSS: 0.185781
2026-08-20 13:51:46,359 [INFO] Align: EPOCH[67] -> PLCC: 0.831086, SROCC: 0.664549, KROCC: 0.491383, LOSS: 0.307047
2026-08-20 13:51:46,370 [INFO] Saving checkpoint at epoch 67 to run/20260820132_B4_full/checkpoint_best.pth.
2026-08-20 13:51:47,187 [INFO] Start training
2026-08-20 13:51:47,545 [INFO] Start training epoch 68, 49 iters per inner epoch.
2026-08-20 13:52:08,171 [INFO] Averaged stats: lr: 0.000003  loss: 0.013882
2026-08-20 13:52:08,256 [INFO] Evaluating on val.
Train: data epoch: [68]  [ 0/49]  eta: 0:00:59  lr: 0.000003  loss: 0.0128  time: 1.2115  data: 0.0001  max mem: 14155
Train: data epoch: [68]  [20/49]  eta: 0:00:12  lr: 0.000003  loss: 0.0083  time: 0.4059  data: 0.0000  max mem: 14155
Train: data epoch: [68]  [40/49]  eta: 0:00:03  lr: 0.000003  loss: 0.0124  time: 0.4032  data: 0.0000  max mem: 14155
Train: data epoch: [68]  [48/49]  eta: 0:00:00  lr: 0.000003  loss: 0.0118  time: 0.4035  data: 0.0000  max mem: 14155
Train: data epoch: [68] Total time: 0:00:20 (0.4209 s / it)
2026-08-20 13:52:12,649 [INFO] Qual: EPOCH[68] -> PLCC: 0.903698, SROCC: 0.843417, KROCC: 0.660526, LOSS: 0.186266
2026-08-20 13:52:12,649 [INFO] Align: EPOCH[68] -> PLCC: 0.828380, SROCC: 0.660217, KROCC: 0.487381, LOSS: 0.310382
2026-08-20 13:52:12,650 [INFO] Start training
2026-08-20 13:52:13,003 [INFO] Start training epoch 69, 49 iters per inner epoch.
2026-08-20 13:52:34,537 [INFO] Averaged stats: lr: 0.000003  loss: 0.014630
2026-08-20 13:52:34,639 [INFO] Evaluating on val.
Train: data epoch: [69]  [ 0/49]  eta: 0:01:37  lr: 0.000003  loss: 0.0100  time: 1.9882  data: 0.0001  max mem: 14155
Train: data epoch: [69]  [20/49]  eta: 0:00:14  lr: 0.000003  loss: 0.0086  time: 0.4084  data: 0.0000  max mem: 14155
Train: data epoch: [69]  [40/49]  eta: 0:00:04  lr: 0.000003  loss: 0.0140  time: 0.4065  data: 0.0000  max mem: 14155
Train: data epoch: [69]  [48/49]  eta: 0:00:00  lr: 0.000003  loss: 0.0202  time: 0.4059  data: 0.0000  max mem: 14155
Train: data epoch: [69] Total time: 0:00:21 (0.4395 s / it)
2026-08-20 13:52:38,948 [INFO] Qual: EPOCH[69] -> PLCC: 0.903971, SROCC: 0.843496, KROCC: 0.660695, LOSS: 0.183185
2026-08-20 13:52:38,948 [INFO] Align: EPOCH[69] -> PLCC: 0.826800, SROCC: 0.658314, KROCC: 0.485353, LOSS: 0.312552
2026-08-20 13:52:38,949 [INFO] Start training
2026-08-20 13:52:39,263 [INFO] Start training epoch 70, 49 iters per inner epoch.
2026-08-20 13:53:00,259 [INFO] Averaged stats: lr: 0.000003  loss: 0.014479
2026-08-20 13:53:00,352 [INFO] Evaluating on val.
Train: data epoch: [70]  [ 0/49]  eta: 0:01:16  lr: 0.000003  loss: 0.0128  time: 1.5612  data: 0.0001  max mem: 14155
Train: data epoch: [70]  [20/49]  eta: 0:00:13  lr: 0.000003  loss: 0.0144  time: 0.4064  data: 0.0000  max mem: 14155
Train: data epoch: [70]  [40/49]  eta: 0:00:03  lr: 0.000003  loss: 0.0135  time: 0.4037  data: 0.0000  max mem: 14155
Train: data epoch: [70]  [48/49]  eta: 0:00:00  lr: 0.000003  loss: 0.0077  time: 0.4036  data: 0.0000  max mem: 14155
Train: data epoch: [70] Total time: 0:00:20 (0.4285 s / it)
2026-08-20 13:53:04,890 [INFO] Qual: EPOCH[70] -> PLCC: 0.903118, SROCC: 0.841639, KROCC: 0.657814, LOSS: 0.188824
2026-08-20 13:53:04,890 [INFO] Align: EPOCH[70] -> PLCC: 0.830746, SROCC: 0.665956, KROCC: 0.492369, LOSS: 0.301283
2026-08-20 13:53:04,902 [INFO] Saving checkpoint at epoch 70 to run/20260820132_B4_full/checkpoint_latest.pth.
2026-08-20 13:53:05,787 [INFO] Start training
2026-08-20 13:53:06,189 [INFO] Start training epoch 71, 49 iters per inner epoch.
2026-08-20 13:53:27,276 [INFO] Averaged stats: lr: 0.000003  loss: 0.013884
2026-08-20 13:53:27,399 [INFO] Evaluating on val.
Train: data epoch: [71]  [ 0/49]  eta: 0:01:08  lr: 0.000003  loss: 0.0113  time: 1.3888  data: 0.0001  max mem: 14155
Train: data epoch: [71]  [20/49]  eta: 0:00:13  lr: 0.000003  loss: 0.0109  time: 0.4178  data: 0.0000  max mem: 14155
Train: data epoch: [71]  [40/49]  eta: 0:00:03  lr: 0.000003  loss: 0.0133  time: 0.4041  data: 0.0000  max mem: 14155
Train: data epoch: [71]  [48/49]  eta: 0:00:00  lr: 0.000003  loss: 0.0108  time: 0.4051  data: 0.0000  max mem: 14155
Train: data epoch: [71] Total time: 0:00:21 (0.4303 s / it)
2026-08-20 13:53:31,825 [INFO] Qual: EPOCH[71] -> PLCC: 0.902714, SROCC: 0.840134, KROCC: 0.656716, LOSS: 0.192358
2026-08-20 13:53:31,825 [INFO] Align: EPOCH[71] -> PLCC: 0.827379, SROCC: 0.661386, KROCC: 0.488065, LOSS: 0.310297
2026-08-20 13:53:31,826 [INFO] Start training
2026-08-20 13:53:32,172 [INFO] Start training epoch 72, 49 iters per inner epoch.
2026-08-20 13:53:53,050 [INFO] Averaged stats: lr: 0.000003  loss: 0.013134
2026-08-20 13:53:53,165 [INFO] Evaluating on val.
Train: data epoch: [72]  [ 0/49]  eta: 0:00:59  lr: 0.000003  loss: 0.0128  time: 1.2204  data: 0.0001  max mem: 14155
Train: data epoch: [72]  [20/49]  eta: 0:00:13  lr: 0.000003  loss: 0.0086  time: 0.4179  data: 0.0000  max mem: 14155
Train: data epoch: [72]  [40/49]  eta: 0:00:03  lr: 0.000003  loss: 0.0169  time: 0.4034  data: 0.0000  max mem: 14155
Train: data epoch: [72]  [48/49]  eta: 0:00:00  lr: 0.000003  loss: 0.0119  time: 0.4034  data: 0.0000  max mem: 14155
Train: data epoch: [72] Total time: 0:00:20 (0.4261 s / it)
2026-08-20 13:53:57,500 [INFO] Qual: EPOCH[72] -> PLCC: 0.901229, SROCC: 0.838463, KROCC: 0.654250, LOSS: 0.189524
2026-08-20 13:53:57,500 [INFO] Align: EPOCH[72] -> PLCC: 0.829897, SROCC: 0.663826, KROCC: 0.490564, LOSS: 0.308587
2026-08-20 13:53:57,501 [INFO] Start training
2026-08-20 13:53:57,854 [INFO] Start training epoch 73, 49 iters per inner epoch.
2026-08-20 13:54:19,204 [INFO] Averaged stats: lr: 0.000003  loss: 0.011983
2026-08-20 13:54:19,339 [INFO] Evaluating on val.
Train: data epoch: [73]  [ 0/49]  eta: 0:01:29  lr: 0.000003  loss: 0.0163  time: 1.8204  data: 0.0001  max mem: 14155
Train: data epoch: [73]  [20/49]  eta: 0:00:13  lr: 0.000003  loss: 0.0165  time: 0.4099  data: 0.0000  max mem: 14155
Train: data epoch: [73]  [40/49]  eta: 0:00:03  lr: 0.000003  loss: 0.0088  time: 0.4049  data: 0.0000  max mem: 14155
Train: data epoch: [73]  [48/49]  eta: 0:00:00  lr: 0.000003  loss: 0.0167  time: 0.4044  data: 0.0000  max mem: 14155
Train: data epoch: [73] Total time: 0:00:21 (0.4357 s / it)
2026-08-20 13:54:23,716 [INFO] Qual: EPOCH[73] -> PLCC: 0.902673, SROCC: 0.839934, KROCC: 0.658419, LOSS: 0.185259
2026-08-20 13:54:23,716 [INFO] Align: EPOCH[73] -> PLCC: 0.828942, SROCC: 0.666512, KROCC: 0.493422, LOSS: 0.304541
2026-08-20 13:54:23,717 [INFO] Start training
2026-08-20 13:54:24,035 [INFO] Start training epoch 74, 49 iters per inner epoch.
2026-08-20 13:54:44,996 [INFO] Averaged stats: lr: 0.000002  loss: 0.012305
2026-08-20 13:54:45,126 [INFO] Evaluating on val.
Train: data epoch: [74]  [ 0/49]  eta: 0:01:13  lr: 0.000002  loss: 0.0128  time: 1.5081  data: 0.0001  max mem: 14155
Train: data epoch: [74]  [20/49]  eta: 0:00:13  lr: 0.000002  loss: 0.0097  time: 0.4050  data: 0.0000  max mem: 14155
Train: data epoch: [74]  [40/49]  eta: 0:00:03  lr: 0.000002  loss: 0.0082  time: 0.4046  data: 0.0000  max mem: 14155
Train: data epoch: [74]  [48/49]  eta: 0:00:00  lr: 0.000002  loss: 0.0152  time: 0.4061  data: 0.0000  max mem: 14155
Train: data epoch: [74] Total time: 0:00:20 (0.4278 s / it)
2026-08-20 13:54:49,897 [INFO] Qual: EPOCH[74] -> PLCC: 0.901510, SROCC: 0.839566, KROCC: 0.657657, LOSS: 0.193699
2026-08-20 13:54:49,897 [INFO] Align: EPOCH[74] -> PLCC: 0.829502, SROCC: 0.668679, KROCC: 0.494992, LOSS: 0.305646
2026-08-20 13:54:49,898 [INFO] Start training
2026-08-20 13:54:50,218 [INFO] Start training epoch 75, 49 iters per inner epoch.
2026-08-20 13:55:11,112 [INFO] Averaged stats: lr: 0.000002  loss: 0.012552
2026-08-20 13:55:11,233 [INFO] Evaluating on val.
Train: data epoch: [75]  [ 0/49]  eta: 0:01:12  lr: 0.000002  loss: 0.0101  time: 1.4825  data: 0.0001  max mem: 14155
Train: data epoch: [75]  [20/49]  eta: 0:00:13  lr: 0.000002  loss: 0.0070  time: 0.4056  data: 0.0000  max mem: 14155
Train: data epoch: [75]  [40/49]  eta: 0:00:03  lr: 0.000002  loss: 0.0119  time: 0.4035  data: 0.0000  max mem: 14155
Train: data epoch: [75]  [48/49]  eta: 0:00:00  lr: 0.000002  loss: 0.0127  time: 0.4032  data: 0.0000  max mem: 14155
Train: data epoch: [75] Total time: 0:00:20 (0.4264 s / it)
2026-08-20 13:55:15,804 [INFO] Qual: EPOCH[75] -> PLCC: 0.903246, SROCC: 0.841694, KROCC: 0.659361, LOSS: 0.205693
2026-08-20 13:55:15,804 [INFO] Align: EPOCH[75] -> PLCC: 0.827783, SROCC: 0.664680, KROCC: 0.491349, LOSS: 0.305109
2026-08-20 13:55:15,817 [INFO] Saving checkpoint at epoch 75 to run/20260820132_B4_full/checkpoint_latest.pth.
2026-08-20 13:55:16,664 [INFO] Start training
2026-08-20 13:55:17,032 [INFO] Start training epoch 76, 49 iters per inner epoch.
2026-08-20 13:55:38,570 [INFO] Averaged stats: lr: 0.000002  loss: 0.015301
2026-08-20 13:55:38,685 [INFO] Evaluating on val.
Train: data epoch: [76]  [ 0/49]  eta: 0:01:40  lr: 0.000002  loss: 0.0182  time: 2.0597  data: 0.0001  max mem: 14155
Train: data epoch: [76]  [20/49]  eta: 0:00:14  lr: 0.000002  loss: 0.0209  time: 0.4067  data: 0.0000  max mem: 14155
Train: data epoch: [76]  [40/49]  eta: 0:00:04  lr: 0.000002  loss: 0.0095  time: 0.4043  data: 0.0000  max mem: 14155
Train: data epoch: [76]  [48/49]  eta: 0:00:00  lr: 0.000002  loss: 0.0119  time: 0.4055  data: 0.0000  max mem: 14155
Train: data epoch: [76] Total time: 0:00:21 (0.4395 s / it)
2026-08-20 13:55:43,236 [INFO] Qual: EPOCH[76] -> PLCC: 0.904084, SROCC: 0.840537, KROCC: 0.659260, LOSS: 0.185655
2026-08-20 13:55:43,236 [INFO] Align: EPOCH[76] -> PLCC: 0.828731, SROCC: 0.662293, KROCC: 0.488603, LOSS: 0.305466
2026-08-20 13:55:43,237 [INFO] Start training
2026-08-20 13:55:43,594 [INFO] Start training epoch 77, 49 iters per inner epoch.
2026-08-20 13:56:04,264 [INFO] Averaged stats: lr: 0.000002  loss: 0.012669
2026-08-20 13:56:04,376 [INFO] Evaluating on val.
Train: data epoch: [77]  [ 0/49]  eta: 0:01:00  lr: 0.000002  loss: 0.0131  time: 1.2290  data: 0.0001  max mem: 14155
Train: data epoch: [77]  [20/49]  eta: 0:00:12  lr: 0.000002  loss: 0.0126  time: 0.4060  data: 0.0000  max mem: 14155
Train: data epoch: [77]  [40/49]  eta: 0:00:03  lr: 0.000002  loss: 0.0171  time: 0.4042  data: 0.0000  max mem: 14155
Train: data epoch: [77]  [48/49]  eta: 0:00:00  lr: 0.000002  loss: 0.0107  time: 0.4042  data: 0.0000  max mem: 14155
Train: data epoch: [77] Total time: 0:00:20 (0.4218 s / it)
2026-08-20 13:56:08,619 [INFO] Qual: EPOCH[77] -> PLCC: 0.901499, SROCC: 0.838949, KROCC: 0.656940, LOSS: 0.199550
2026-08-20 13:56:08,620 [INFO] Align: EPOCH[77] -> PLCC: 0.826917, SROCC: 0.660593, KROCC: 0.487594, LOSS: 0.309185
2026-08-20 13:56:08,620 [INFO] Start training
2026-08-20 13:56:08,938 [INFO] Start training epoch 78, 49 iters per inner epoch.
2026-08-20 13:56:29,992 [INFO] Averaged stats: lr: 0.000002  loss: 0.012250
2026-08-20 13:56:30,089 [INFO] Evaluating on val.
Train: data epoch: [78]  [ 0/49]  eta: 0:01:13  lr: 0.000002  loss: 0.0097  time: 1.5035  data: 0.0001  max mem: 14155
Train: data epoch: [78]  [20/49]  eta: 0:00:13  lr: 0.000002  loss: 0.0169  time: 0.4071  data: 0.0000  max mem: 14155
Train: data epoch: [78]  [40/49]  eta: 0:00:03  lr: 0.000002  loss: 0.0115  time: 0.4081  data: 0.0000  max mem: 14155
Train: data epoch: [78]  [48/49]  eta: 0:00:00  lr: 0.000002  loss: 0.0123  time: 0.4074  data: 0.0000  max mem: 14155
Train: data epoch: [78] Total time: 0:00:21 (0.4297 s / it)
2026-08-20 13:56:34,572 [INFO] Qual: EPOCH[78] -> PLCC: 0.902541, SROCC: 0.839967, KROCC: 0.657254, LOSS: 0.186534
2026-08-20 13:56:34,572 [INFO] Align: EPOCH[78] -> PLCC: 0.828856, SROCC: 0.663082, KROCC: 0.490150, LOSS: 0.306787
2026-08-20 13:56:34,573 [INFO] Start training
2026-08-20 13:56:34,901 [INFO] Start training epoch 79, 49 iters per inner epoch.
2026-08-20 13:56:55,551 [INFO] Averaged stats: lr: 0.000002  loss: 0.011838
2026-08-20 13:56:55,641 [INFO] Evaluating on val.
Train: data epoch: [79]  [ 0/49]  eta: 0:00:57  lr: 0.000002  loss: 0.0139  time: 1.1666  data: 0.0001  max mem: 14155
Train: data epoch: [79]  [20/49]  eta: 0:00:12  lr: 0.000002  loss: 0.0119  time: 0.4087  data: 0.0000  max mem: 14155
Train: data epoch: [79]  [40/49]  eta: 0:00:03  lr: 0.000002  loss: 0.0119  time: 0.4038  data: 0.0000  max mem: 14155
Train: data epoch: [79]  [48/49]  eta: 0:00:00  lr: 0.000002  loss: 0.0080  time: 0.4038  data: 0.0000  max mem: 14155
Train: data epoch: [79] Total time: 0:00:20 (0.4214 s / it)
2026-08-20 13:57:00,018 [INFO] Qual: EPOCH[79] -> PLCC: 0.903654, SROCC: 0.842194, KROCC: 0.659988, LOSS: 0.193383
2026-08-20 13:57:00,018 [INFO] Align: EPOCH[79] -> PLCC: 0.827286, SROCC: 0.662536, KROCC: 0.489601, LOSS: 0.306947
2026-08-20 13:57:00,019 [INFO] Start training
2026-08-20 13:57:00,371 [INFO] Start training epoch 80, 49 iters per inner epoch.
2026-08-20 13:57:20,997 [INFO] Averaged stats: lr: 0.000002  loss: 0.012146
2026-08-20 13:57:21,111 [INFO] Evaluating on val.
Train: data epoch: [80]  [ 0/49]  eta: 0:00:59  lr: 0.000002  loss: 0.0126  time: 1.2178  data: 0.0001  max mem: 14155
Train: data epoch: [80]  [20/49]  eta: 0:00:12  lr: 0.000002  loss: 0.0102  time: 0.4046  data: 0.0000  max mem: 14155
Train: data epoch: [80]  [40/49]  eta: 0:00:03  lr: 0.000002  loss: 0.0133  time: 0.4041  data: 0.0000  max mem: 14155
Train: data epoch: [80]  [48/49]  eta: 0:00:00  lr: 0.000002  loss: 0.0094  time: 0.4038  data: 0.0000  max mem: 14155
Train: data epoch: [80] Total time: 0:00:20 (0.4209 s / it)
2026-08-20 13:57:25,293 [INFO] Qual: EPOCH[80] -> PLCC: 0.904207, SROCC: 0.844353, KROCC: 0.662891, LOSS: 0.182500
2026-08-20 13:57:25,293 [INFO] Align: EPOCH[80] -> PLCC: 0.829829, SROCC: 0.666007, KROCC: 0.492268, LOSS: 0.305751
2026-08-20 13:57:25,304 [INFO] Saving checkpoint at epoch 80 to run/20260820132_B4_full/checkpoint_latest.pth.
2026-08-20 13:57:26,153 [INFO] Start training
2026-08-20 13:57:26,521 [INFO] Start training epoch 81, 49 iters per inner epoch.
2026-08-20 13:57:47,496 [INFO] Averaged stats: lr: 0.000002  loss: 0.011188
2026-08-20 13:57:47,608 [INFO] Evaluating on val.
Train: data epoch: [81]  [ 0/49]  eta: 0:01:17  lr: 0.000002  loss: 0.0122  time: 1.5898  data: 0.0001  max mem: 14155
Train: data epoch: [81]  [20/49]  eta: 0:00:13  lr: 0.000002  loss: 0.0093  time: 0.4042  data: 0.0000  max mem: 14155
Train: data epoch: [81]  [40/49]  eta: 0:00:03  lr: 0.000002  loss: 0.0078  time: 0.4034  data: 0.0000  max mem: 14155
Train: data epoch: [81]  [48/49]  eta: 0:00:00  lr: 0.000002  loss: 0.0129  time: 0.4034  data: 0.0000  max mem: 14155
Train: data epoch: [81] Total time: 0:00:20 (0.4280 s / it)
2026-08-20 13:57:52,120 [INFO] Qual: EPOCH[81] -> PLCC: 0.903905, SROCC: 0.844213, KROCC: 0.662185, LOSS: 0.182970
2026-08-20 13:57:52,120 [INFO] Align: EPOCH[81] -> PLCC: 0.829589, SROCC: 0.665088, KROCC: 0.490957, LOSS: 0.304484
2026-08-20 13:57:52,121 [INFO] Start training
2026-08-20 13:57:52,483 [INFO] Start training epoch 82, 49 iters per inner epoch.
2026-08-20 13:58:13,548 [INFO] Averaged stats: lr: 0.000002  loss: 0.011881
2026-08-20 13:58:13,648 [INFO] Evaluating on val.
Train: data epoch: [82]  [ 0/49]  eta: 0:01:16  lr: 0.000002  loss: 0.0130  time: 1.5645  data: 0.0001  max mem: 14155
Train: data epoch: [82]  [20/49]  eta: 0:00:13  lr: 0.000002  loss: 0.0119  time: 0.4085  data: 0.0000  max mem: 14155
Train: data epoch: [82]  [40/49]  eta: 0:00:03  lr: 0.000002  loss: 0.0220  time: 0.4036  data: 0.0000  max mem: 14155
Train: data epoch: [82]  [48/49]  eta: 0:00:00  lr: 0.000002  loss: 0.0095  time: 0.4048  data: 0.0000  max mem: 14155
Train: data epoch: [82] Total time: 0:00:21 (0.4299 s / it)
2026-08-20 13:58:17,880 [INFO] Qual: EPOCH[82] -> PLCC: 0.902643, SROCC: 0.840041, KROCC: 0.657859, LOSS: 0.184895
2026-08-20 13:58:17,880 [INFO] Align: EPOCH[82] -> PLCC: 0.826470, SROCC: 0.660943, KROCC: 0.487729, LOSS: 0.313439
2026-08-20 13:58:17,881 [INFO] Start training
2026-08-20 13:58:18,205 [INFO] Start training epoch 83, 49 iters per inner epoch.
2026-08-20 13:58:39,587 [INFO] Averaged stats: lr: 0.000002  loss: 0.011170
2026-08-20 13:58:39,698 [INFO] Evaluating on val.
Train: data epoch: [83]  [ 0/49]  eta: 0:01:37  lr: 0.000002  loss: 0.0143  time: 1.9847  data: 0.0001  max mem: 14155
Train: data epoch: [83]  [20/49]  eta: 0:00:13  lr: 0.000002  loss: 0.0085  time: 0.4037  data: 0.0000  max mem: 14155
Train: data epoch: [83]  [40/49]  eta: 0:00:03  lr: 0.000002  loss: 0.0092  time: 0.4044  data: 0.0000  max mem: 14155
Train: data epoch: [83]  [48/49]  eta: 0:00:00  lr: 0.000002  loss: 0.0118  time: 0.4043  data: 0.0000  max mem: 14155
Train: data epoch: [83] Total time: 0:00:21 (0.4364 s / it)
2026-08-20 13:58:44,269 [INFO] Qual: EPOCH[83] -> PLCC: 0.902456, SROCC: 0.840204, KROCC: 0.657780, LOSS: 0.187038
2026-08-20 13:58:44,269 [INFO] Align: EPOCH[83] -> PLCC: 0.828552, SROCC: 0.666425, KROCC: 0.492582, LOSS: 0.308340
2026-08-20 13:58:44,270 [INFO] Start training
2026-08-20 13:58:44,617 [INFO] Start training epoch 84, 49 iters per inner epoch.
2026-08-20 13:59:05,909 [INFO] Averaged stats: lr: 0.000002  loss: 0.010553
2026-08-20 13:59:06,046 [INFO] Evaluating on val.
Train: data epoch: [84]  [ 0/49]  eta: 0:01:31  lr: 0.000002  loss: 0.0084  time: 1.8625  data: 0.0001  max mem: 14155
Train: data epoch: [84]  [20/49]  eta: 0:00:13  lr: 0.000002  loss: 0.0108  time: 0.4059  data: 0.0000  max mem: 14155
Train: data epoch: [84]  [40/49]  eta: 0:00:03  lr: 0.000002  loss: 0.0096  time: 0.4040  data: 0.0000  max mem: 14155
Train: data epoch: [84]  [48/49]  eta: 0:00:00  lr: 0.000002  loss: 0.0103  time: 0.4038  data: 0.0000  max mem: 14155
Train: data epoch: [84] Total time: 0:00:21 (0.4345 s / it)
2026-08-20 13:59:10,541 [INFO] Qual: EPOCH[84] -> PLCC: 0.903431, SROCC: 0.841432, KROCC: 0.659013, LOSS: 0.184521
2026-08-20 13:59:10,541 [INFO] Align: EPOCH[84] -> PLCC: 0.827130, SROCC: 0.661451, KROCC: 0.487919, LOSS: 0.308639
2026-08-20 13:59:10,542 [INFO] Start training
2026-08-20 13:59:10,902 [INFO] Start training epoch 85, 49 iters per inner epoch.
2026-08-20 13:59:32,211 [INFO] Averaged stats: lr: 0.000001  loss: 0.010939
2026-08-20 13:59:32,306 [INFO] Evaluating on val.
Train: data epoch: [85]  [ 0/49]  eta: 0:01:30  lr: 0.000001  loss: 0.0086  time: 1.8389  data: 0.0001  max mem: 14155
Train: data epoch: [85]  [20/49]  eta: 0:00:13  lr: 0.000001  loss: 0.0086  time: 0.4071  data: 0.0000  max mem: 14155
Train: data epoch: [85]  [40/49]  eta: 0:00:03  lr: 0.000001  loss: 0.0138  time: 0.4049  data: 0.0000  max mem: 14155
Train: data epoch: [85]  [48/49]  eta: 0:00:00  lr: 0.000001  loss: 0.0173  time: 0.4050  data: 0.0000  max mem: 14155
Train: data epoch: [85] Total time: 0:00:21 (0.4349 s / it)
2026-08-20 13:59:36,622 [INFO] Qual: EPOCH[85] -> PLCC: 0.902143, SROCC: 0.840680, KROCC: 0.658890, LOSS: 0.194912
2026-08-20 13:59:36,622 [INFO] Align: EPOCH[85] -> PLCC: 0.827091, SROCC: 0.659617, KROCC: 0.486709, LOSS: 0.304649
2026-08-20 13:59:36,633 [INFO] Saving checkpoint at epoch 85 to run/20260820132_B4_full/checkpoint_latest.pth.
2026-08-20 13:59:37,464 [INFO] Start training
2026-08-20 13:59:37,838 [INFO] Start training epoch 86, 49 iters per inner epoch.
2026-08-20 13:59:58,886 [INFO] Averaged stats: lr: 0.000001  loss: 0.011132
2026-08-20 13:59:58,985 [INFO] Evaluating on val.
Train: data epoch: [86]  [ 0/49]  eta: 0:01:18  lr: 0.000001  loss: 0.0111  time: 1.5929  data: 0.0001  max mem: 14155
Train: data epoch: [86]  [20/49]  eta: 0:00:13  lr: 0.000001  loss: 0.0288  time: 0.4071  data: 0.0000  max mem: 14155
Train: data epoch: [86]  [40/49]  eta: 0:00:03  lr: 0.000001  loss: 0.0078  time: 0.4040  data: 0.0000  max mem: 14155
Train: data epoch: [86]  [48/49]  eta: 0:00:00  lr: 0.000001  loss: 0.0098  time: 0.4033  data: 0.0000  max mem: 14155
Train: data epoch: [86] Total time: 0:00:21 (0.4295 s / it)
2026-08-20 14:00:03,367 [INFO] Qual: EPOCH[86] -> PLCC: 0.904008, SROCC: 0.843714, KROCC: 0.661524, LOSS: 0.187934
2026-08-20 14:00:03,367 [INFO] Align: EPOCH[86] -> PLCC: 0.831688, SROCC: 0.662833, KROCC: 0.489836, LOSS: 0.304089
2026-08-20 14:00:03,368 [INFO] Start training
2026-08-20 14:00:03,683 [INFO] Start training epoch 87, 49 iters per inner epoch.
2026-08-20 14:00:24,927 [INFO] Averaged stats: lr: 0.000001  loss: 0.010515
2026-08-20 14:00:25,052 [INFO] Evaluating on val.
Train: data epoch: [87]  [ 0/49]  eta: 0:01:27  lr: 0.000001  loss: 0.0120  time: 1.7957  data: 0.0001  max mem: 14155
Train: data epoch: [87]  [20/49]  eta: 0:00:13  lr: 0.000001  loss: 0.0090  time: 0.4071  data: 0.0000  max mem: 14155
Train: data epoch: [87]  [40/49]  eta: 0:00:03  lr: 0.000001  loss: 0.0125  time: 0.4038  data: 0.0000  max mem: 14155
Train: data epoch: [87]  [48/49]  eta: 0:00:00  lr: 0.000001  loss: 0.0078  time: 0.4037  data: 0.0000  max mem: 14155
Train: data epoch: [87] Total time: 0:00:21 (0.4335 s / it)
2026-08-20 14:00:29,206 [INFO] Qual: EPOCH[87] -> PLCC: 0.904480, SROCC: 0.843863, KROCC: 0.660728, LOSS: 0.182576
2026-08-20 14:00:29,206 [INFO] Align: EPOCH[87] -> PLCC: 0.828437, SROCC: 0.663241, KROCC: 0.490049, LOSS: 0.304833
2026-08-20 14:00:29,207 [INFO] Start training
2026-08-20 14:00:29,531 [INFO] Start training epoch 88, 49 iters per inner epoch.
2026-08-20 14:00:51,022 [INFO] Averaged stats: lr: 0.000001  loss: 0.011928
2026-08-20 14:00:51,127 [INFO] Evaluating on val.
Train: data epoch: [88]  [ 0/49]  eta: 0:01:37  lr: 0.000001  loss: 0.0159  time: 1.9983  data: 0.0001  max mem: 14155
Train: data epoch: [88]  [20/49]  eta: 0:00:13  lr: 0.000001  loss: 0.0092  time: 0.4040  data: 0.0000  max mem: 14155
Train: data epoch: [88]  [40/49]  eta: 0:00:04  lr: 0.000001  loss: 0.0103  time: 0.4072  data: 0.0000  max mem: 14155
Train: data epoch: [88]  [48/49]  eta: 0:00:00  lr: 0.000001  loss: 0.0287  time: 0.4078  data: 0.0000  max mem: 14155
Train: data epoch: [88] Total time: 0:00:21 (0.4386 s / it)
2026-08-20 14:00:55,818 [INFO] Qual: EPOCH[88] -> PLCC: 0.902763, SROCC: 0.840951, KROCC: 0.658117, LOSS: 0.183116
2026-08-20 14:00:55,819 [INFO] Align: EPOCH[88] -> PLCC: 0.826550, SROCC: 0.658937, KROCC: 0.486575, LOSS: 0.305559
2026-08-20 14:00:55,819 [INFO] Start training
2026-08-20 14:00:56,169 [INFO] Start training epoch 89, 49 iters per inner epoch.
2026-08-20 14:01:17,642 [INFO] Averaged stats: lr: 0.000001  loss: 0.011185
2026-08-20 14:01:17,733 [INFO] Evaluating on val.
Train: data epoch: [89]  [ 0/49]  eta: 0:01:33  lr: 0.000001  loss: 0.0101  time: 1.9155  data: 0.0002  max mem: 14155
Train: data epoch: [89]  [20/49]  eta: 0:00:13  lr: 0.000001  loss: 0.0127  time: 0.4057  data: 0.0000  max mem: 14155
Train: data epoch: [89]  [40/49]  eta: 0:00:03  lr: 0.000001  loss: 0.0092  time: 0.4087  data: 0.0000  max mem: 14155
Train: data epoch: [89]  [48/49]  eta: 0:00:00  lr: 0.000001  loss: 0.0100  time: 0.4089  data: 0.0000  max mem: 14155
Train: data epoch: [89] Total time: 0:00:21 (0.4382 s / it)
2026-08-20 14:01:22,083 [INFO] Qual: EPOCH[89] -> PLCC: 0.902396, SROCC: 0.840755, KROCC: 0.657915, LOSS: 0.186705
2026-08-20 14:01:22,083 [INFO] Align: EPOCH[89] -> PLCC: 0.828482, SROCC: 0.660128, KROCC: 0.487460, LOSS: 0.308846
2026-08-20 14:01:22,084 [INFO] Start training
2026-08-20 14:01:22,437 [INFO] Start training epoch 90, 49 iters per inner epoch.
2026-08-20 14:01:43,781 [INFO] Averaged stats: lr: 0.000001  loss: 0.011399
2026-08-20 14:01:43,916 [INFO] Evaluating on val.
Train: data epoch: [90]  [ 0/49]  eta: 0:01:36  lr: 0.000001  loss: 0.0096  time: 1.9616  data: 0.0001  max mem: 14155
Train: data epoch: [90]  [20/49]  eta: 0:00:13  lr: 0.000001  loss: 0.0147  time: 0.4040  data: 0.0000  max mem: 14155
Train: data epoch: [90]  [40/49]  eta: 0:00:03  lr: 0.000001  loss: 0.0095  time: 0.4034  data: 0.0000  max mem: 14155
Train: data epoch: [90]  [48/49]  eta: 0:00:00  lr: 0.000001  loss: 0.0182  time: 0.4037  data: 0.0000  max mem: 14155
Train: data epoch: [90] Total time: 0:00:21 (0.4356 s / it)
2026-08-20 14:01:48,299 [INFO] Qual: EPOCH[90] -> PLCC: 0.903040, SROCC: 0.841674, KROCC: 0.658800, LOSS: 0.190868
2026-08-20 14:01:48,300 [INFO] Align: EPOCH[90] -> PLCC: 0.826974, SROCC: 0.660618, KROCC: 0.486956, LOSS: 0.310953
2026-08-20 14:01:48,315 [INFO] Saving checkpoint at epoch 90 to run/20260820132_B4_full/checkpoint_latest.pth.
2026-08-20 14:01:49,241 [INFO] Start training
2026-08-20 14:01:49,585 [INFO] Start training epoch 91, 49 iters per inner epoch.
2026-08-20 14:02:10,965 [INFO] Averaged stats: lr: 0.000001  loss: 0.011375
2026-08-20 14:02:11,080 [INFO] Evaluating on val.
Train: data epoch: [91]  [ 0/49]  eta: 0:01:32  lr: 0.000001  loss: 0.0108  time: 1.8957  data: 0.0001  max mem: 14155
Train: data epoch: [91]  [20/49]  eta: 0:00:13  lr: 0.000001  loss: 0.0099  time: 0.4082  data: 0.0000  max mem: 14155
Train: data epoch: [91]  [40/49]  eta: 0:00:03  lr: 0.000001  loss: 0.0086  time: 0.4047  data: 0.0000  max mem: 14155
Train: data epoch: [91]  [48/49]  eta: 0:00:00  lr: 0.000001  loss: 0.0189  time: 0.4032  data: 0.0000  max mem: 14155
Train: data epoch: [91] Total time: 0:00:21 (0.4363 s / it)
2026-08-20 14:02:15,547 [INFO] Qual: EPOCH[91] -> PLCC: 0.902849, SROCC: 0.842041, KROCC: 0.659619, LOSS: 0.184330
2026-08-20 14:02:15,547 [INFO] Align: EPOCH[91] -> PLCC: 0.827882, SROCC: 0.660937, KROCC: 0.487975, LOSS: 0.314070
2026-08-20 14:02:15,548 [INFO] Start training
2026-08-20 14:02:15,893 [INFO] Start training epoch 92, 49 iters per inner epoch.
2026-08-20 14:02:37,131 [INFO] Averaged stats: lr: 0.000001  loss: 0.010254
2026-08-20 14:02:37,252 [INFO] Evaluating on val.
Train: data epoch: [92]  [ 0/49]  eta: 0:01:31  lr: 0.000001  loss: 0.0157  time: 1.8637  data: 0.0001  max mem: 14155
Train: data epoch: [92]  [20/49]  eta: 0:00:13  lr: 0.000001  loss: 0.0117  time: 0.4030  data: 0.0000  max mem: 14155
Train: data epoch: [92]  [40/49]  eta: 0:00:03  lr: 0.000001  loss: 0.0127  time: 0.4044  data: 0.0000  max mem: 14155
Train: data epoch: [92]  [48/49]  eta: 0:00:00  lr: 0.000001  loss: 0.0100  time: 0.4046  data: 0.0000  max mem: 14155
Train: data epoch: [92] Total time: 0:00:21 (0.4334 s / it)
2026-08-20 14:02:41,698 [INFO] Qual: EPOCH[92] -> PLCC: 0.902931, SROCC: 0.843103, KROCC: 0.660291, LOSS: 0.187867
2026-08-20 14:02:41,698 [INFO] Align: EPOCH[92] -> PLCC: 0.828519, SROCC: 0.662859, KROCC: 0.489399, LOSS: 0.306821
2026-08-20 14:02:41,699 [INFO] Start training
2026-08-20 14:02:42,014 [INFO] Start training epoch 93, 49 iters per inner epoch.
2026-08-20 14:03:03,326 [INFO] Averaged stats: lr: 0.000001  loss: 0.011133
2026-08-20 14:03:03,431 [INFO] Evaluating on val.
Train: data epoch: [93]  [ 0/49]  eta: 0:01:28  lr: 0.000001  loss: 0.0120  time: 1.8066  data: 0.0001  max mem: 14155
Train: data epoch: [93]  [20/49]  eta: 0:00:13  lr: 0.000001  loss: 0.0119  time: 0.4090  data: 0.0000  max mem: 14155
Train: data epoch: [93]  [40/49]  eta: 0:00:03  lr: 0.000001  loss: 0.0093  time: 0.4047  data: 0.0000  max mem: 14155
Train: data epoch: [93]  [48/49]  eta: 0:00:00  lr: 0.000001  loss: 0.0086  time: 0.4036  data: 0.0000  max mem: 14155
Train: data epoch: [93] Total time: 0:00:21 (0.4349 s / it)
2026-08-20 14:03:08,069 [INFO] Qual: EPOCH[93] -> PLCC: 0.904062, SROCC: 0.842686, KROCC: 0.660941, LOSS: 0.187658
2026-08-20 14:03:08,070 [INFO] Align: EPOCH[93] -> PLCC: 0.826654, SROCC: 0.658992, KROCC: 0.486485, LOSS: 0.308272
2026-08-20 14:03:08,070 [INFO] Start training
2026-08-20 14:03:08,434 [INFO] Start training epoch 94, 49 iters per inner epoch.
2026-08-20 14:03:29,148 [INFO] Averaged stats: lr: 0.000001  loss: 0.010011
2026-08-20 14:03:29,268 [INFO] Evaluating on val.
Train: data epoch: [94]  [ 0/49]  eta: 0:00:59  lr: 0.000001  loss: 0.0147  time: 1.2175  data: 0.0001  max mem: 14155
Train: data epoch: [94]  [20/49]  eta: 0:00:12  lr: 0.000001  loss: 0.0074  time: 0.4073  data: 0.0000  max mem: 14155
Train: data epoch: [94]  [40/49]  eta: 0:00:03  lr: 0.000001  loss: 0.0092  time: 0.4039  data: 0.0000  max mem: 14155
Train: data epoch: [94]  [48/49]  eta: 0:00:00  lr: 0.000001  loss: 0.0143  time: 0.4058  data: 0.0000  max mem: 14155
Train: data epoch: [94] Total time: 0:00:20 (0.4227 s / it)
2026-08-20 14:03:33,672 [INFO] Qual: EPOCH[94] -> PLCC: 0.903410, SROCC: 0.842344, KROCC: 0.659495, LOSS: 0.188514
2026-08-20 14:03:33,673 [INFO] Align: EPOCH[94] -> PLCC: 0.828754, SROCC: 0.661206, KROCC: 0.488155, LOSS: 0.305701
2026-08-20 14:03:33,673 [INFO] Start training
2026-08-20 14:03:33,992 [INFO] Start training epoch 95, 49 iters per inner epoch.
2026-08-20 14:03:54,864 [INFO] Averaged stats: lr: 0.000001  loss: 0.011138
2026-08-20 14:03:54,984 [INFO] Evaluating on val.
Train: data epoch: [95]  [ 0/49]  eta: 0:00:59  lr: 0.000001  loss: 0.0129  time: 1.2111  data: 0.0001  max mem: 14155
Train: data epoch: [95]  [20/49]  eta: 0:00:13  lr: 0.000001  loss: 0.0088  time: 0.4149  data: 0.0000  max mem: 14155
Train: data epoch: [95]  [40/49]  eta: 0:00:03  lr: 0.000001  loss: 0.0184  time: 0.4065  data: 0.0000  max mem: 14155
Train: data epoch: [95]  [48/49]  eta: 0:00:00  lr: 0.000001  loss: 0.0109  time: 0.4048  data: 0.0000  max mem: 14155
Train: data epoch: [95] Total time: 0:00:20 (0.4260 s / it)
2026-08-20 14:03:59,515 [INFO] Qual: EPOCH[95] -> PLCC: 0.902782, SROCC: 0.841860, KROCC: 0.659619, LOSS: 0.188045
2026-08-20 14:03:59,515 [INFO] Align: EPOCH[95] -> PLCC: 0.828486, SROCC: 0.659954, KROCC: 0.487225, LOSS: 0.305627
2026-08-20 14:03:59,527 [INFO] Saving checkpoint at epoch 95 to run/20260820132_B4_full/checkpoint_latest.pth.
2026-08-20 14:04:00,398 [INFO] Start training
2026-08-20 14:04:00,762 [INFO] Start training epoch 96, 49 iters per inner epoch.
2026-08-20 14:04:21,507 [INFO] Averaged stats: lr: 0.000001  loss: 0.010672
2026-08-20 14:04:21,622 [INFO] Evaluating on val.
Train: data epoch: [96]  [ 0/49]  eta: 0:01:04  lr: 0.000001  loss: 0.0091  time: 1.3118  data: 0.0001  max mem: 14155
Train: data epoch: [96]  [20/49]  eta: 0:00:13  lr: 0.000001  loss: 0.0127  time: 0.4064  data: 0.0000  max mem: 14155
Train: data epoch: [96]  [40/49]  eta: 0:00:03  lr: 0.000001  loss: 0.0100  time: 0.4037  data: 0.0000  max mem: 14155
Train: data epoch: [96]  [48/49]  eta: 0:00:00  lr: 0.000001  loss: 0.0102  time: 0.4037  data: 0.0000  max mem: 14155
Train: data epoch: [96] Total time: 0:00:20 (0.4234 s / it)
2026-08-20 14:04:25,884 [INFO] Qual: EPOCH[96] -> PLCC: 0.903412, SROCC: 0.842468, KROCC: 0.660179, LOSS: 0.187754
2026-08-20 14:04:25,884 [INFO] Align: EPOCH[96] -> PLCC: 0.827984, SROCC: 0.658879, KROCC: 0.486563, LOSS: 0.306034
2026-08-20 14:04:25,885 [INFO] Start training
2026-08-20 14:04:26,204 [INFO] Start training epoch 97, 49 iters per inner epoch.
2026-08-20 14:04:47,472 [INFO] Averaged stats: lr: 0.000001  loss: 0.009280
2026-08-20 14:04:47,571 [INFO] Evaluating on val.
Train: data epoch: [97]  [ 0/49]  eta: 0:01:30  lr: 0.000001  loss: 0.0068  time: 1.8444  data: 0.0001  max mem: 14155
Train: data epoch: [97]  [20/49]  eta: 0:00:13  lr: 0.000001  loss: 0.0073  time: 0.4056  data: 0.0000  max mem: 14155
Train: data epoch: [97]  [40/49]  eta: 0:00:03  lr: 0.000001  loss: 0.0067  time: 0.4035  data: 0.0000  max mem: 14155
Train: data epoch: [97]  [48/49]  eta: 0:00:00  lr: 0.000001  loss: 0.0088  time: 0.4040  data: 0.0000  max mem: 14155
Train: data epoch: [97] Total time: 0:00:21 (0.4340 s / it)
2026-08-20 14:04:51,905 [INFO] Qual: EPOCH[97] -> PLCC: 0.902582, SROCC: 0.842150, KROCC: 0.659215, LOSS: 0.188901
2026-08-20 14:04:51,905 [INFO] Align: EPOCH[97] -> PLCC: 0.826919, SROCC: 0.660417, KROCC: 0.487718, LOSS: 0.308445
2026-08-20 14:04:51,906 [INFO] Start training
2026-08-20 14:04:52,272 [INFO] Start training epoch 98, 49 iters per inner epoch.
2026-08-20 14:05:13,677 [INFO] Averaged stats: lr: 0.000001  loss: 0.010164
2026-08-20 14:05:13,795 [INFO] Evaluating on val.
Train: data epoch: [98]  [ 0/49]  eta: 0:01:36  lr: 0.000001  loss: 0.0082  time: 1.9780  data: 0.0001  max mem: 14155
Train: data epoch: [98]  [20/49]  eta: 0:00:13  lr: 0.000001  loss: 0.0088  time: 0.4063  data: 0.0000  max mem: 14155
Train: data epoch: [98]  [40/49]  eta: 0:00:03  lr: 0.000001  loss: 0.0095  time: 0.4035  data: 0.0000  max mem: 14155
Train: data epoch: [98]  [48/49]  eta: 0:00:00  lr: 0.000001  loss: 0.0140  time: 0.4031  data: 0.0000  max mem: 14155
Train: data epoch: [98] Total time: 0:00:21 (0.4368 s / it)
2026-08-20 14:05:18,538 [INFO] Qual: EPOCH[98] -> PLCC: 0.902840, SROCC: 0.841578, KROCC: 0.659305, LOSS: 0.184919
2026-08-20 14:05:18,538 [INFO] Align: EPOCH[98] -> PLCC: 0.829979, SROCC: 0.662479, KROCC: 0.488895, LOSS: 0.304181
2026-08-20 14:05:18,539 [INFO] Start training
2026-08-20 14:05:18,866 [INFO] Start training epoch 99, 49 iters per inner epoch.
2026-08-20 14:05:39,602 [INFO] Averaged stats: lr: 0.000001  loss: 0.009906
2026-08-20 14:05:39,718 [INFO] Evaluating on val.
Train: data epoch: [99]  [ 0/49]  eta: 0:00:59  lr: 0.000001  loss: 0.0071  time: 1.2197  data: 0.0001  max mem: 14155
Train: data epoch: [99]  [20/49]  eta: 0:00:12  lr: 0.000001  loss: 0.0083  time: 0.4073  data: 0.0000  max mem: 14155
Train: data epoch: [99]  [40/49]  eta: 0:00:03  lr: 0.000001  loss: 0.0099  time: 0.4067  data: 0.0000  max mem: 14155
Train: data epoch: [99]  [48/49]  eta: 0:00:00  lr: 0.000001  loss: 0.0113  time: 0.4057  data: 0.0000  max mem: 14155
Train: data epoch: [99] Total time: 0:00:20 (0.4232 s / it)
2026-08-20 14:05:43,952 [INFO] Qual: EPOCH[99] -> PLCC: 0.902866, SROCC: 0.842135, KROCC: 0.659854, LOSS: 0.185161
2026-08-20 14:05:43,952 [INFO] Align: EPOCH[99] -> PLCC: 0.827887, SROCC: 0.659741, KROCC: 0.487056, LOSS: 0.306424
2026-08-20 14:05:43,966 [INFO] Saving checkpoint at epoch 99 to run/20260820132_B4_full/checkpoint_latest.pth.
[{'agg_metrics': np.float64(4.400714878570181), 'qual_agg': np.float64(2.4136972036808806), 'qual_PLCC': np.float64(0.9048161845835437), 'qual_SROCC': np.float64(0.8451265728134449), 'qual_KROCC': np.float64(0.6637544462838919), 'align_agg': np.float64(1.9870176748892998), 'align_PLCC': np.float64(0.8310857087581813), 'align_SROCC': np.float64(0.6645493228272268), 'align_KROCC': np.float64(0.4913826433038917)}]
{'agg_metrics': np.float64(4.400714878570181), 'qual_agg': np.float64(2.4136972036808806), 'qual_PLCC': np.float64(0.9048161845835437), 'qual_SROCC': np.float64(0.8451265728134449), 'qual_KROCC': np.float64(0.6637544462838919), 'align_agg': np.float64(1.9870176748892998), 'align_PLCC': np.float64(0.8310857087581813), 'align_SROCC': np.float64(0.6645493228272268), 'align_KROCC': np.float64(0.4913826433038917)}
